Name,Height,Weight
Iacopo_Botto,1.91,76000.0
Ian_Taylor_(volleyball),1.95,95000.0
Ibrahim_Mohammed,2.07,90000.0
Ibrahim_Sayed_Abouhamoud,1.78,60000.0
Idner_Martins,1.95,85000.0
Ignacio_Batallan,1.93,97000.0
Ignacio_Bernasconi,1.95,75000.0
Ignacio_Ramírez_(volleyball),1.83,85000.0
Ignacio_Sánchez,1.91,76000.0
Igor_Kobzar,1.98,86000.0
Igor_Naumov,2.0,94000.0
Igor_Omrčen,2.08,95000.0
Igor_Rehák,2.0,85000.0
Igor_Stejskal,1.97,88000.0
Igor_Yudin,1.98,88000.0
Ihosvany_Chambers,1.84,85000.0
Ihosvany_Hernández,2.06,90000.0
Ikumi_Narita,1.73,68000.0
Ildar_Gafarov,1.95,90000.0
Ilia_Vlasov,2.12,98000.0
Ilia_Žilin,1.96,80000.0
Ilka_Semmler,1.83,70000.0
Ilka_Van_de_Vyver,1.79,73000.0
Ilkka_Sammelvuo,1.97,91000.0
Ilyas_Kurkaev,2.07,95000.0
Im_Dong-kyu,1.95,83000.0
Ingrid_Morales,1.7,62000.0
Inna_German,1.82,75000.0
Inna_Matveyeva,1.86,70000.0
Inoslav_Krnić,1.9,89000.0
Inovel_Romero,1.97,80000.0
Inès_Granvorka,1.79,70000.0
Ioannis_Fakas,1.96,85000.0
Ioannis_Kyriakidis,1.95,91000.0
Ioannis_Pantakidis,1.95,80000.0
Ioannis_Takouridis,1.95,80000.0
Iraklis_Doriadis,1.93,93000.0
Irina_Lukomskaya,1.76,66000.0
Irina_Zaryazhko,1.98,75000.0
Šimon_Krajčovič,2.05,94000.0
Irving_Bricio,1.9,83000.0
Irving_Gonzalez,1.85,90000.0
Iryna_Zhukova,1.79,72000.0
Isac_Santos,2.05,84000.0
Isbel_Mesa,2.04,89000.0
Islam_Abdelkader,1.94,85000.0
Ismael_Guerrero,2.04,85000.0
Ismel_Ramos,1.95,78000.0
Israel_Rodríguez_(volleyball),1.95,96000.0
Israel_Vera,1.85,80000.0
Israel_Villalpando,1.92,80000.0
Issei_Maeda,1.81,71000.0
Iuliia_Morozova,1.92,79000.0
Ivan_Demakov,2.09,101000.0
Ivan_Donald_Marić,1.98,93000.0
Ivan_Ilić_(volleyball),1.94,85000.0
Ivan_Ječmenica,2.02,90000.0
Ivan_Kolchagov,2.05,98000.0
Ivan_Kolev_(volleyball),2.0,92000.0
Ivan_Latunov,2.01,90000.0
Ivan_Miljković,2.06,88000.0
Ivan_Rašovic,1.9,91000.0
Ivan_Stanev_(volleyball),1.9,86000.0
Ivan_Zarev,1.99,87000.0
Ivan_Zaytsev_(volleyball),2.02,92000.0
Ivan_Čosić,2.02,96000.0
Ivana_Isailović,1.85,66000.0
Ivana_Miloš,1.87,70000.0
Ivaylo_Gavrilov,1.98,80000.0
Ivaylo_Stefanov,2.02,92000.0
Ivelina_Monova,1.73,58000.0
Ivo_Aniceto,1.99,88000.0
Ivo_Casas,1.82,71000.0
Ivo_Dubš,1.98,95000.0
Iván_Castellani,1.96,82000.0
Iván_Contreras,1.98,96000.0
Iván_Franco_Meruvia,1.91,75000.0
Iván_Márquez_(volleyball),2.05,88000.0
Iván_Pérez_(volleyball),1.9,86000.0
Izabela_Bełcik,1.85,65000.0
Izabela_Śliwa,1.69,61000.0
Vaafuti_Tavana,2.0,110000.0
Vadim_Evtoukovich,2.02,90000.0
Valdir_Sequeira,1.96,86000.0
Valentin_Bratoev,2.02,92000.0
Valentin_Golubev,1.9,70000.0
Valentina_Arrighetti,1.85,73000.0
Valentina_Diouf,2.02,89000.0
Valentina_Kamenyok-Vinogradova,1.7018,73936.8
Valentina_Ogienko,1.82,72000.0
Valentyna_Brik,1.87,76000.0
Valery_Komarov,187.0,85000.0
Vali_Alipour,2.0,93000.0
Vali_Nourmohammadi,2.0,80000.0
Valérie_Courtois,1.71,66000.0
Vanessa_Virgen,1.72,69000.0
Vanessa_Vélez,1.8,68000.0
Vanya_Sokolova,1.89,76000.0
Vaughn_Martin_(volleyball),1.78,82000.0
Vegard_Høidalen,1.93,94000.0
Venelin_Kadankov,2.05,90000.0
Ventsislav_Ragin,2.01,86000.0
Ventsislav_Trifonov,2.05,91000.0
Venzislav_Todorov,1.87,85000.0
Vera_Ulyakina,1.8,73000.0
Vesselin_Dimtchev,1.91,83000.0
Vicente_Pastor,1.86,77000.0
Victoire_L'or_Ngon_Ntame,1.77,79000.0
Victonara_Galang,1.72,53000.0
Vid_Jakopin,2.03,0.0
Viktor_Poletaev,1.95,86000.0
Viktor_Sidelnikov,1.91,84000.0
Viktor_Yosifov,2.04,100000.0
Vili_Kasper_Vuorinen,1.91,84000.0
Ville_Juntura,1.92,82000.0
Ville_Sorvoja,1.94,90000.0
Vitaliy_Erdshtein,2.05,90000.0
Vitaliy_Mironenko,1.87,90000.0
Vitaliy_Vorivodin,1.94,101000.0
Vitaly_Evdoshenko,1.83,77000.0
Vladan_Djordjevic,1.94,90000.0
Vladan_Rudić,1.93,85000.0
Vladan_Đorđević_(volleyball),1.94,95000.0
Vladimir_Atapov,1.99,89000.0
Vladimir_Derevyanko,1.91,80000.0
Vladimir_Grbić,1.93,87000.0
Vladimir_Katona,2.0,88000.0
Vladimir_Melnik,2.0,95000.0
Vladimir_Nikolov,2.0,95000.0
Vladimir_Prokofyev,2.03,94000.0
Vladimír_Sobotka_(volleyball),2.03,93000.0
Vladislav_Babichev,1.85,78000.0
Vladislav_Ivanov_(volleyball),188.0,80000.0
Vlado_Petković,1.98,97000.0
Vojin_Ćaćić,2.02,90000.0
Volkan_Güç,2.02,100000.0
Vuk_Medenica,1.94,89000.0
Vyacheslav_Zaytsev,1.91,97000.0
Václav_Kopáček,1.82,80000.0
Víctor_Batista,2.0,88000.0
Víctor_Viciana,1.87,83000.0
Víctor_Weir,1.86,87000.0
Şeyma_Ercan,1.86,69000.0
Eden_Sequeira,1.98,90000.0
Edgardo_Goás,1.97,95000.0
Edson_Pérez,1.8,69000.0
Edson_Valencia,2.0,80000.0
Eduard_Venski,2.02,90000.0
Eduardo_Concepción,1.95,92000.0
Edwin_Peguero,1.81,66000.0
Eemeli_Kouki,1.94,84000.0
Eemi_Tervaportti,1.93,73000.0
Effrosyni_Sfyri,1.8,67000.0
Efstathios_Ntonas,2.0,96000.0
Ekaterina_Kosianenko,1.78,64000.0
Ekaterina_Krivets,1.93,74000.0
Eleardo_Cabrera,1.86,87000.0
Elena_Chebukina,1.88,77000.0
Eleonora_Dziękiewicz,1.85,78000.0
Elia_Bossi,2.02,91000.0
Elif_Onur,1.85,67000.0
Elina_Rodríguez,1.89,72000.0
Elisheba_Chepkemboi,1.8,62000.0
Elnis_Palomino,1.94,94000.0
Els_Vandesteene,1.84,70000.0
Elsa_Baquerizo,1.81,68000.0
Elvis_Contreras,1.9,77000.0
Elvis_Pascual,1.9,72000.0
Elviss_Krastins,1.92,84000.0
Elwyn_Oxley,1.85,85000.0
Elyes_Garfi,2.02,90000.0
Elyes_Karamosli,1.94,83000.0
Emanuel_Batista,1.87,68000.0
Emanuel_Kohút,2.06,97000.0
Emanuele_Birarelli,2.02,95000.0
Emerson_Isajar,1.95,83000.0
Emerson_Rodríguez,2.02,90000.0
Emesselene_Bebine,1.89,82000.0
Emilce_Sosa,1.77,75000.0
Emiliya_Nikolova,1.85,59000.0
Emily_Hartong,1.87,75000.0
Emmanuel_Ragondet,1.91,77000.0
Emre_Batur,2.01,89000.0
Emre_Senol,2.01,80000.0
Ender_Kidoglu,1.98,88000.0
Enderwuin_Herrera,1.9,80000.0
Enmanuel_Lara,1.95,92000.0
Ennajie_Laure,1.7526,58000.0
Enrico_Cester,2.02,93000.0
Enrique_Ugalde_Campo,1.9,76000.0
Enrique_de_la_Fuente,1.95,92000.0
Earvin_N'Gapeth,1.94,93000.0
Erasmo_Salemme,1.92,84000.0
Eri_Hosoda,1.75,66000.0
Erik_Rojo,1.84,78000.0
Erik_Shoji,1.84,83000.0
Erika_Araki,1.86,80000.0
Erika_Mota,1.9,89000.0
Ernardo_Gómez,1.95,90000.0
Ernestine_Tiamzon,1.76,56800.0
Esther_Eba'a_Mballa,1.78,71000.0
Eugen_Bakumovski,1.93,90000.0
Eurico_Peixoto,1.91,85000.0
Evan_Patak,2.032,113000.0
Evandro_Guerra,2.07,103000.0
Evgeni_Ivanov_(volleyball),2.1,98000.0
Evgeny_Dragunov_(volleyball),1.9,95000.0
Evgeny_Sivozhelez,1.96,90000.0
Ewoud_Gommans,2.02,89000.0
Extensa_Barbaro,1.78,70000.0
Ezequiel_Cruz,1.93,88000.0
Ezequiel_Palacios,2.02,89000.0
Ezgi_Dilik,1.7,68000.0
Zaira_Orellana,1.83,63000.0
Zara_Dampney,1.778,65000.0
Zbigniew_Bartman,1.98,91000.0
Zdeněk_Haník,1.78,80000.0
Zdeněk_Kaláb,2.03,103000.0
Zeljko_Nojić,1.82,80000.0
Zeng_Chunlei,1.9,69000.0
Zhan_Guojun,1.97,91000.0
Zhang_Chen_(volleyball),2.0,89000.0
Zhang_Xian_(volleyball),1.67,57000.0
Zhang_Xiaodong_(volleyball),2.03,75000.0
Zhang_Xiaoting,1.85,69000.0
Zhang_Xiaoyu_(volleyball),1.9,80000.0
Zhang_Zhejia,2.07,84000.0
Zhao_Yichen,1.95,80000.0
Zhaxsylyk_Tleulin,2.0,85000.0
Zheng_Liang,2.01,83000.0
Zhong_Weijun,2.0,83000.0
Zhou_Suhong,1.82,73000.0
Zhou_Yuan,1.8,65000.0
Zlatan_Yordanov,2.0,94000.0
Élysée_Ossosso,1.88,86000.0
Lucía_Gaido,1.64,53000.0
Ludmil_Naydenov,1.94,84000.0
Ludovic_Castard,1.97,95000.0
Ludovico_Dolfo,1.95,87000.0
Luigi_Mastrangelo,2.02,90000.0
Luigi_Randazzo,1.98,97000.0
Luis_Adamés,1.92,72000.0
Luis_Arias_(volleyball),196.0,87000.0
Luis_Estrada_(volleyball),1.99,90000.0
Luis_Jimeno,1.97,92000.0
Luis_Lukach,1.96,85000.0
Luis_Mieres,1.96,78000.0
Luis_Pessoa,2.0,78000.0
Luis_Sosa_(volleyball),1.96,76000.0
Luis_Sousa_Pinto,1.88,80000.0
Luis_Sánchez_(volleyball),1.75,82000.0
Luiz_Felipe_Fonteles,1.98,96000.0
Luka_Babic_(volleyball),2.11,105000.0
Lukas_Bauer_(volleyball),2.02,94000.0
Lukas_Kampa,1.95,90000.0
Lukas_Van_Berkel,2.1,108000.0
Lukas_Weber,1.85,78000.0
Lukáš_Diviš,2.01,91000.0
Lukáš_Ticháček,1.93,84000.0
Lynda_Morales,1.88,94000.0
Lyubomir_Ganev,2.1,99000.0
Lyubov_Tyurina,1.81,75000.0
Lyudmila_Buldakova,1.7018,66225.6
Lyudmila_Issayeva,1.84,70000.0
Laetitia_Moma_Bassoko,1.84,81000.0
Larisa_Bergen,1.524,67132.8
Larissa_França,1.74,68000.0
Larissa_Souza,1.86,64000.0
Larry_Sulbaran,1.92,86000.0
Lars_Lorsheijd,2.0,97000.0
Laura_Dijkema,1.84,68000.0
Laura_Heyrman,1.86,73000.0
Laura_Unternährer,1.79,70000.0
Laura_Weihenmaier,1.8,70000.0
Laurel_Abrahamson,1.93,82000.0
Laurent_Tillie,1.93,83000.0
Lavmeet_Katariya,0.0,88000.0
Lazaro_Beltran_Rizo,1.9,86000.0
Lazaro_Fundora,1.95,90000.0
Lazaro_Marin,1.98,91000.0
Leandro_Araújo_da_Silva,2.05,94000.0
Leandro_Concina,196.0,94000.0
Leandro_Macías,1.92,70000.0
Leandro_Vissotto,2.14,98000.0
Lee_Hyung-doo,1.9,76000.0
Lee_Kang-joo,1.85,75000.0
Lee_Kang-won,1.98,91000.0
Lee_Kyung-suk,1.88,86000.0
Lee_Min-gyu,1.94,78000.0
Lee_Sang-yeol,1.95,90000.0
Lee_Sun-kyu,1.99,90000.0
Leigh-Ann_Naidoo,1.81,70000.0
Lena_Ustymenko,1.92,78000.0
Lenka_Dürr,1.71,59000.0
Leobardo_Cabrera,1.9,88000.0
Leonardo_Aquino,1.88,82000.0
Leonardo_Cruz_Miranda,1.98,93000.0
Leonardo_Leyva,2.06,73000.0
Leonardo_Litwinczuk,2.03,103000.0
Leonardo_Manzo,198.0,86000.0
Leonardo_Morsut,1.99,93000.0
Leonardo_Rangel,2.04,95000.0
Leonardo_Velasquez,1.91,78000.0
Leonel_Marhall,1.98,86000.0
Leonel_Marshall_Jr.,1.96,96000.0
Lesya_Makhno,1.88,73000.0
Leticia_Boscacci,1.86,70000.0
Lewis_McDonald_(volleyball),1.8,79000.0
Li_Chun_(volleyball),190.0,82000.0
Li_Hang_(volleyball),2.03,89000.0
Li_Juan,1.86,73000.0
Li_Runming,1.98,90000.0
Li_Yuanbo,1.96,80000.0
Lian_Estrada,1.96,83000.0
Liang_Chunlong,2.06,91000.0
Liberman_Agámez,2.07,95000.0
Lidia_Chmielnicka-Żmuda,1.7,60000.0
Lienert_Cosemans,2.03,90000.0
Liliana_Fernández,1.78,75000.0
Lilya_Djenaoui,1.72,58000.0
Lim_Si-hyoung,1.91,80000.0
Lincoln_Williams,2.0,104000.0
Lionnis_Salazar,1.85,77000.0
Lisa_Barclay,1.88,84000.0
Lisa_Thomsen,1.72,68000.0
Lise_Van_Hecke,1.86,70000.0
Liu_Tingwei,1.95,82000.0
Liu_Xiangdong,1.98,93000.0
Liu_Xiaotong,1.87,72000.0
Liu_Ya,1.8,66000.0
Liván_Osoria,2.01,96000.0
Lizbeth_Sainz,1.78,55000.0
Lizeth_López,1.64,62000.0
Lloy_Ball,2.03,95000.0
Loic_Geiler,1.98,85000.0
Loice_Jepkoisgei,1.78,60000.0
Lonneke_Slöetjes,1.92,73000.0
Lora_Kitipova,1.84,66000.0
Lorenz_Koraimann,1.97,84000.0
Lorenzo_Perazzolo,1.95,92000.0
Loris_Manià,1.9,76000.0
Louis-Pierre_Mainville,200.0,100000.0
Louisa_Lippmann,1.91,78000.0
Lourenco_Martins,1.92,78000.0
Lowie_Stuer,1.93,81000.0
Loïc_Le_Marrec,1.9,82000.0
Lu_Fei,1.98,80000.0
Lubomir_Agontsev,1.9,87000.0
Lubos_Kostolani,2.03,95000.0
Luboš_Němec,1.84,70000.0
Luca_Tencati,2.0,97000.0
Luca_Vettori,2.0,95000.0
Lucas_Chávez,1.99,95000.0
Lucas_Lóh,1.95,83000.0
Lucas_Ocampo,196.0,100000.0
Lucas_Saatkamp,2.09,101000.0
Lucas_Snider,1.83,93000.0
Lucas_Tell,2.02,100000.0
Lucas_Van_Berkel,2.1,108000.0
Luciane_Escouto,1.85,73000.0
Luciano_Bozko,1.98,90000.0
Luciano_De_Cecco,1.94,89000.0
Luciano_Zornetta,1.82,70000.0
Lucille_Charuk,1.88,88000.0
Óscar_Aguirre,1.79,86000.0
Óscar_Rodríguez_Capel,1.7,70000.0
Santiago_Darraidou,1.94,96000.0
Santiago_Orduna,1.85,75000.0
Saori_Kimura,1.85,65000.0
Saori_Takahashi,1.77,68000.0
Saoud_Abdelaziz,1.8,75000.0
Sarah_Cools,1.88,68000.0
Saranchit_Charoensuk,1.83,74000.0
Saskia_Hippe,1.86,76000.0
Satoru_Maeda,1.85,80000.0
Satoshi_Ide,1.74,70000.0
Satoshi_Sensui,1.95,93000.0
Sauli_Sinkkonen,2.01,95000.0
Saša_Starović,2.07,89000.0
Scott_Bunker,1.93,96000.0
Scott_Wong,1.96,95000.0
Sean_Morrison_(beach_volleyball),1.93,77000.0
Sean_Rooney,2.06,100000.0
Sebastian_Krause,2.03,100000.0
Sebastian_Kühner,2.03,91000.0
Sebastian_Prüsener,1.96,86000.0
Sebastian_Schwarz,1.97,94000.0
Sebastian_Świderski,1.93,87000.0
Sebastiano_Thei,1.8,70000.0
Sebastiao_Alves,1.9,72000.0
Sebastijan_Škorc,1.8,72000.0
Sebastián_Closter,1.8,66000.0
Sebastián_Fernández_(volleyball),1.84,80000.0
Sebastián_Garrocq,1.7,63000.0
Sebastián_Solé,2.02,88000.0
Seiko_Kawamura,1.74,64000.0
Sem_Dolegombai,2.0,95000.0
Seo_Jae-duck,1.95,98000.0
Seppe_Baetens,1.91,87000.0
Sequiel_Sánchez,1.82,83000.0
Serena_Ortolani,1.87,67000.0
Serge_Patrice_Ag,1.81,82000.0
Sergey_Antipkin,1.97,92000.0
Sergey_Bagrey,1.92,85000.0
Sergey_Kostiv,2.01,99000.0
Sergey_Kuznetsov_(volleyball),1.97,89000.0
Sergey_Makarov_(volleyball),1.96,97000.0
Sergey_Savin_(volleyball),2.01,92000.0
Sergey_Trikoz,2.07,107000.0
Sergio_Gaitán,1.96,92000.0
Sergio_Noda,191.0,87000.0
Serhat_Coşkun,1.98,90000.0
Seth_Burnham,2.0,93000.0
Shan_Qingtao,1.94,75000.0
Shane_Alexander_(volleyball),202.0,95000.0
Shanice_Marcelle,1.8,67000.0
Shanon_Torregrosa,1.88,85000.0
Shara_Venegas,1.73,68000.0
Shauna_Mullin,1.778,68000.0
Shawn_Simpson_(volleyball),1.97,88000.0
Shigeru_Kondoh,1.86,85000.0
Shin_Young-chul,1.79,72000.0
Shin_Young-soo,1.97,90000.0
Shin_Yung-suk,1.98,90000.0
Shinji_Kawamura,1.89,88000.0
Shinji_Takahashi_(volleyball),1.82,75000.0
Shinya_Yamazoe,1.9,83000.0
Shiori_Murata,1.67,56000.0
Shiro_Furuta,1.88,88000.0
Shogo_Okamoto,1.8,80000.0
Shogo_Toimoto,1.97,94000.0
Shohei_Uchiyama,1.85,75000.0
Shuka_Oyama,1.82,65000.0
Shun_Imamura,181.0,70000.0
Shunichi_Shimano,1.8,65000.0
Shunsuke_Chijiki,1.93,83000.0
Shunsuke_Inoue,1.9,78000.0
Siarhei_Antanovich,1.94,96000.0
Sidão,2.03,90000.0
Sigurd_Verming,2.05,93000.0
Simeon_Aleksandrov,1.94,90000.0
Simo_Dabović,1.95,93000.0
Simon_Bitsch,1.96,92000.0
Simon_Frühbauer,1.86,80000.0
Simon_Gade,2.0,85000.0
Simon_Hirsch,2.04,96000.0
Simon_Tischer,1.94,89000.0
Simon_Van_De_Voorde,2.08,85000.0
Simone_Anzani,2.04,100000.0
Simone_Buti,2.06,100000.0
Simone_Giannelli,2.0,92000.0
Simone_Parodi,1.95,93000.0
Sirianis_Méndez,1.95,95000.0
Sivasubramanian_Kanagaraj,0.0,71000.0
Sivija_Popović,1.78,65000.0
Sjoerd_Hoogendoorn,1.98,88000.0
Skander_Ben_Tara,2.05,102000.0
Slavina_Koleva,1.84,57000.0
Slobodan_Bojic,2.0,95000.0
Smilen_Mlyakov,2.0,98000.0
Sogo_Watanabe,1.96,83000.0
Sol_Piccolo,1.84,74000.0
Song_Byung-il,1.96,85000.0
Song_Hui-chae,1.92,84000.0
Song_In-seok,1.97,87000.0
Song_Jianwei,1.94,75000.0
Song_Myung-geun,1.95,83000.0
Sotirios_Tsergas,1.92,84000.0
Spencer_Leiske,2.04,112000.0
Srećko_Lisinac,2.05,90000.0
Stacey_Cole,1.8034,72576.0
Stanislav_Petkov,2.02,104000.0
Stanislav_Zimakijević,1.86,77000.0
Stefana_Veljković,1.9,76000.0
Stefanie_Karg,1.89,74000.0
Stefano_Mengozzi,2.02,88000.0
Stefano_Patriarca,2.07,104000.0
Stefano_Sibani,1.9,83000.0
Stephanie_Enright,1.79,56000.0
Stephen_Gotch,1.94,90000.0
Stevan_Crnogorac,2.01,96000.0
Steven_Marshall_(volleyball),1.89,79000.0
Steven_Morales,1.95,82000.0
Saber_Narimannejad,1.89,87000.0
Sachiko_Sugiyama,1.84,67000.0
Saddem_Hmissi,1.86,75000.0
Saeed_Al-Jamaani,1.86,75000.0
Saeed_Juma_Al-Hitmi,1.83,86000.0
Saeid_Marouf,1.89,81000.0
Saeid_Mostafavand,1.95,88000.0
Saeid_Shiroud,1.95,85000.0
Saleem_Ali_(volleyball),1.93,84000.0
Saleh_Youssef,1.94,91000.0
Salvatore_Rossini,1.85,82000.0
Sam_Deroo,2.02,92000.0
Saman_Faezi,2.04,87000.0
Samanta_Fabris,1.88,79000.0
Samara_Almeida,1.85,62000.0
Samuel_Córdova,2.0,89000.0
Samuel_Tuia,1.95,95000.0
Samuel_Walker_(volleyball),2.08,90000.0
Samuele_Papi,1.91,68000.0
Samuli_Kaislasalo,2.04,88000.0
Sander_Depovere,1.97,82000.0
Sander_Olsthoorn,2.06,89000.0
Sander_Ratsep,1.95,88000.0
Sandrine_Magon_à_Anoko,1.81,75000.0
Sandro_Barbalho_de_Carvalho,1.87,82000.0
Sandro_Carvalho,1.89,83000.0
Sandy_Andrade,1.8,71000.0
Sanne_Keizer,1.81,71000.0
Stijn_D'Hulst,1.87,75000.0
Stijn_Dejonckheere,1.85,75000.0
Stoyan_Samunev,2.05,103000.0
Stoyko_Nenchev,2.0,92000.0
Strashimira_Filipova,1.95,78000.0
Stéphane_Antiga,2.0,94000.0
Stéphane_Canet,1.92,85000.0
Stéphanie_Fotso_Mogoung,1.87,78000.0
SuGui_Kriss,1.5748000000000002,58968.0
Sulaiman_Saeed,1.8,75000.0
Sulian_Matienzo,1.78,75000.0
Suo_Ma,1.87,70000.0
Susanne_Lahme,1.86,77000.0
Svetlana_Korytova,1.85,76000.0
Svetlana_Valentinovna_Kryuchkova,1.74,63000.0
Svetoslav_Gotsev,2.05,97000.0
Svetozar_Ivanov,2.08,100000.0
Svyatoslav_Miklashevich,2.1,107000.0
Sylwia_Pycia,1.89,78000.0
Szymon_Romać,1.96,92000.0
Sébastien_Ruette,2.01,95000.0
Sérgio_Nogueira,1.84,80000.0
Sławomir_Stolc,1.98,78000.0
Patrick_Duflos,1.87,94000.0
Patrick_Steuerwald,1.8,80000.0
Patryk_Czarnowski,2.02,98000.0
Patryk_Niemiec,2.02,89000.0
Paul_Lotman,2.0,93000.0
Paul_Nicholls_(volleyball),1.78,61000.0
Paul_Sanderson_(volleyball),1.95,94000.0
Paul_Sprung,2.05,94000.0
Paul_Viloria,2.01,92000.0
Paulette_García,1.78,73000.0
Paulo_Victor_da_Silva,1.97,92000.0
Pavel_Abramov,2.0,87000.0
Pavel_Barborka,1.98,85000.0
Pavel_Bartoš,1.91,79000.0
Pavel_Kruglov,2.05,98000.0
Pavel_Moroz,2.05,105000.0
Pavlos_Beligratis,1.84,87000.0
Pawel_Rusek,1.83,72000.0
Paweł_Woicki,1.83,76000.0
Paweł_Zagumny,2.0,88000.0
Paweł_Zatorski,1.84,73000.0
Pedrito_Sierra,1.8288,89000.0
Pedro_Figueiredo,1.97,75000.0
Pedro_Flores_(volleyball),2.0,107000.0
Pedro_Luis_García,1.87,86000.0
Pedro_Nogueira,1.94,81000.0
Pedro_Rangel_(volleyball),1.94,78000.0
Pedro_Ruiz_(volleyball),1.95,84000.0
Pedro_Siso,1.95,86000.0
Peiman_Akbari,1.95,80000.0
Peny_Karagkouni,0.0,72000.0
Per-Anders_Saaf,2.0,87000.0
Petar_Krsmanović,2.05,98000.0
Petar_Čurović,1.98,91000.0
Peter_Goga,1.89,75000.0
Peter_Janusek,2.0,90000.0
Peter_Jensen_(volleyball),1.98,92000.0
Peter_Kasper,2.01,105000.0
Peter_Michalovič,2.0,90000.0
Peter_Ondrovič,1.99,95000.0
Peter_Porubsky,1.99,82000.0
Peter_Trolle_Bonnesen,2.06,91000.0
Petia_Yanchulova,1.78,65000.0
Petr_Galis,1.94,100000.0
Petr_Konečný,203.0,101000.0
Petr_Michálek,1.9,80000.0
Petr_Pláteník,196.0,88000.0
Petr_Zapletal,194.0,92000.0
Petteri_Penttinen,1.85,88000.0
Pablo_Bengolea,1.97,93000.0
Pablo_Bugallo,1.96,93000.0
Pablo_Guzman_(volleyball,_born_1987),1.88,67000.0
Pablo_Guzmán_(volleyball,_born_1988),1.93,94000.0
Pablo_Koukartsev,2.03,105000.0
Panagiotis_Pelekoudas,2.02,94000.0
Paola_Cardullo,1.62,56000.0
Park_Chul-woo_(volleyball),1.98,88000.0
Park_Jin-woo_(volleyball),1.98,78000.0
Park_Jun-bum,1.98,90000.0
Park_Sang-ha,1.98,89000.0
Parviz_Pezeshki,1.85,82000.0
Pascal_Cardinal,1.98,93000.0
Pasquale_Gravina,2.01,102000.0
Patricia_Labee,1.8,67000.0
Philip_Eatherton,2.06,101000.0
Philip_Ichovski,2.0,86000.0
Philip_Schneider,2.0,90000.0
Philipp_Collin,2.04,98000.0
Philipp_Jankowski,1.91,88000.0
Philipp_Kroiss,1.83,82000.0
Philippe_Blain,1.97,89000.0
Philippe_Rossard,1.94,78000.0
Philippe_Salvan,1.95,82000.0
Philippe_Tuitoga,1.98,86000.0
Phillip_DeSalvo,182.0,78000.0
Phạm_Thị_Yến,1.77,73000.0
Pierre_Pujol,1.86,90000.0
Pieter_Coolman,2.0,92000.0
Pieter_Verhees,2.05,105000.0
Pietro_Rinaldi,1.97,85000.0
Piotr_Badura,2.06,92000.0
Piotr_Gacek,1.85,80000.0
Piotr_Gruszka,2.06,100000.0
Piotr_Hain,2.07,93000.0
Piotr_Lipiński,1.95,86000.0
Piotr_Makowski,1.92,92000.0
Piotr_Nowakowski,2.05,100000.0
Pisanu_Harnkhomtun,1.94,78000.0
Plamen_Hristov,1.88,78000.0
Plamen_Konstantinov,2.02,93000.0
Polina_Rahimova,1.98,73000.0
Pouria_Fayazi,1.94,87000.0
Pouria_Fayyazi,1.94,87000.0
Prabagaran,0.0,76000.0
Prasit_Piladuang,1.86,71000.0
Przemysław_Michalczyk,0.92,193000.0
Przemysław_Stępień,1.85,66000.0
Péter_Veres_(volleyball),2.0,83000.0
Přemysl_Obdržálek,194.0,87000.0
Odina_Bayramova,1.86,88000.0
Oh_Jae-seong,1.75,60000.0
Oh_Jung-rok,1.7,67000.0
Oksana_Kurt,1.84,77000.0
Oleg_Antonov_(volleyball),1.98,88000.0
Oleg_Mikanovich,1.92,88000.0
Oleg_Samsonychev,1.98,96000.0
Oleg_Verigin,1.9,82000.0
Olesia_Rykhliuk,1.94,70000.0
Olga_Fateeva,1.9,72000.0
Olga_Nassedkina,1.9,75000.0
Olieg_Achrem,1.91,95000.0
Oliver_Binder,1.9,79000.0
Oliver_Venno,2.1,105000.0
Olivier_Faucher,1.91,85000.0
Olivier_Mietcheu,1.88,75000.0
Olivier_Nongny_Zanguim,200.0,110000.0
Olivier_Rossard,1.95,72000.0
Omar_Agrebi,2.05,85000.0
Omar_Hassan_(volleyball),1.91,104000.0
Ondřej_Boula,1.95,95000.0
Ondřej_Hudeček,195.0,87000.0
Oneida_González,1.88,75000.0
Osamn_Hassn_Ajab,2.0,80000.0
Osamu_Tanabe,1.81,73000.0
Oscar_García_(volleyball),1.68,76000.0
Osmani_Uriarte,1.97,81000.0
Osmany_Camejo,202.0,90000.0
Osmany_Uriarte,1.97,81000.0
Osniel_Rendon,2.02,90000.0
Ossama_Bekheit,192.0,72000.0
Ossi_Rumpunen,1.87,80000.0
Oualid_Ben_Abbes,1.86,76000.0
Yu_Koshikawa,1.89,86000.0
Yuan_Xinyue,2.0,78000.0
Yuan_Zhi,1.94,95000.0
Yuhei_Tsukazaki,1.92,74000.0
Yuichi_Nakagaichi,1.93,87000.0
Yuichiro_Komiya,1.92,83000.0
Yuichiro_Sakamoto,1.95,88000.0
Yuji_Suzuki,1.89,80000.0
Yuka_Sakurai,1.67,62000.0
Yuki_Ishii,1.8,68000.0
Yuki_Ishikawa,1.8,69000.0
Yuki_Ito_(volleyball),1.92,90000.0
Yuki_Kawai,1.68,62000.0
Yuki_Suzuki,2.01,75000.0
Yuki_Tanaka,1.75,63000.0
Yukiko_Ebata,1.76,68000.0
Yuko_Maruyama,1.77,65000.0
Yuko_Suzuki,1.71,60000.0
Yuli_Vasilev,1.97,90000.0
Yuliya_Podskalnaya,1.9,75000.0
Yumi_Mizuta,1.81,67000.0
Yumiko_Tsuzuki,1.75,61000.0
Yumilka_Ruiz,1.79,62000.0
Yun_Bong-woo,1.99,88000.0
Yuriy_Stulov,1.86,83000.0
Yusleinis_Herrera,1.778,63050.4
Yusuke_Imada,1.95,78000.0
Yusuke_Inoue,1.73,72000.0
Yusuke_Matsuta,2.0,90000.0
Yuta_Abe_(volleyball),1.91,85000.0
Yuta_Matsuoka,1.92,72000.0
Yuta_Yoneyama,1.85,85000.0
Yuya_Ageba,1.91,70000.0
Yvan_Bitjaa,2.13,92000.0
Yves_Kruyner,1.93,99000.0
Yvon_Beliën,1.88,70000.0
Yūka_Imamura,1.75,70000.0
Yūki_Ishikawa,1.91,74000.0
Yael_Castiglione,1.84,75000.0
Yagnye_Lappa,1.88,85000.0
Yamato_Fushimi,2.07,118000.0
Yamila_Hernández,1.82,69000.0
Yamila_Nizetich,1.81,74000.0
Yana_Shcherban,1.88,71000.0
Yana_Yagodina,1.82,69000.0
Yang_Fangxu,1.9,75000.0
Yang_Jie,1.94,72000.0
Yang_Yaning,1.83,73000.0
Yaniel_Garay,2.02,72000.0
Yannick_Bazin,1.9,95000.0
Yannick_van_Harskamp,1.9,88000.0
Yao_Di,1.82,65000.0
Yarimar_Rosa,1.78,62000.0
Yarleen_Santiago,1.82,72000.0
Yasin_Aydın,1.9,72000.0
Yassel_Perdomo_Naranjo,2.01,96000.0
Yasser_Portuondo,1.96,90000.0
Yasunari_Kodama,1.92,80000.0
Yejju_Subba_Rao,2.08,90000.0
Yelena_Parkhomenko,1.86,68000.0
Yeliz_Başa,1.88,79000.0
Yenry_Bell,1.88,84000.0
Yeo_Oh-hyun,1.75,70000.0
Yevgeniy_Andreyev_(volleyball),1.97,100000.0
Yevgeniy_Senatorov,2.06,92000.0
Yevgeniya_Nyukhalova,1.93,79000.0
Yevgeniya_Startseva,1.85,68000.0
Yin_Na,1.82,65000.0
Yiğit_Gülmezoğlu,1.94,81000.0
Yndys_Novas,1.86,71000.0
Yoandy_Leal,2.01,84000.0
Yoann_Jaumel,1.81,77000.0
Yohan_Leon,2.0,70000.0
Yohei_Takasugi,1.94,90000.0
Yonder_Garcia,1.83,78000.0
Yonkaira_Peña,1.9,70000.0
Yoo_Yoon-sik,1.98,75000.0
Yoon_Jong-il,2.05,95000.0
Yoon_Kwan-yeol,1.98,97000.0
Yordan_Bisset,1.94,89000.0
Yoshie_Takeshita,1.59,53000.0
Yoshifumi_Suzuki,2.0,95000.0
Yoshiko_Yano,1.83,81000.0
Yosleider_Cala,2.04,98000.0
Yosmany_Díaz,1.96,89000.0
Yosnier_Guillen,1.78,73000.0
Yosvani_Gonzalez,1.96,85000.0
Yosvany_Hernandez,2.0,90000.0
You_Kwang-woo,1.85,85000.0
Francien_Huurman,1.92,80000.0
Francis_Tonemassa,192.0,103000.0
Francisco_Enríquez,1.99,95000.0
Francisco_José_Rodríguez,189.0,88000.0
Francisco_Lloveras,2.08,92000.0
Francisco_Ruiz_(volleyball),1.78,70000.0
Francisco_Soteldo,2.0,86000.0
Francisco_Valdez,1.97,84000.0
Franck_Lafitte,2.03,95000.0
Franco_Giachetta,2.01,94000.0
Franco_Massimino,1.77,66000.0
Frank_Constandse,1.92,76000.0
Frank_Depestele,1.91,93000.0
Franklin_García_(volleyball),1.98,85000.0
Franklin_González,1.85,70000.0
František_Ogurčák,1.98,95000.0
Frantz_Granvorka,1.96,90000.0
François_Lecat,2.0,90000.0
Fred_Winters,1.95,98000.0
Freddy_Brooks,1.87,84000.0
Frederick_Laure,1.82,78000.0
Frederico_Siqueira,2.06,105000.0
Frederik_Mikelsons,1.78,71000.0
Fredison_Mosquera,1.99,100000.0
Freedom_Chiya,1.86,93000.0
Fride_Mekong_à_Iroume,1.74,68000.0
Frédéric_Gibert,2.01,95000.0
Furkan_Yalçınkaya,1.99,90000.0
Fábio_Milhazes,1.98,80000.0
Félix_Chapman,1.98,84000.0
Fabian_Cox,1.8,81000.0
Fabian_Drzyzga,1.96,90000.0
Fabio_Innocenti,1.84,73000.0
Fabián_Leal,1.86,78000.0
Fabricio_Silva,1.96,96000.0
Fabrizio_Nassi,1.85,76000.0
Fabrício_Dias,1.99,95000.0
Fabíola_de_Souza,1.84,70000.0
Facundo_Conte,1.98,85000.0
Facundo_Imhoff,2.02,86000.0
Facundo_Santucci,1.86,86000.0
Fadawa_Oumarou,187.0,85000.0
Faik_Samet_Güneş,2.03,96000.0
Faik_Yaz,1.99,88000.0
Falko_Steinke,2.05,105000.0
Farhad_Ghaemi,1.97,73000.0
Farhad_Nazari_Afshar,1.95,82000.0
Farhad_Piroutpour,1.95,95000.0
Farhad_Salafzoun,2.0,81000.0
Farhad_Zarif,1.69,60000.0
Fatih_Ulusoy,2.08,98000.0
Fatma_Agrebi,1.81,78000.0
Fawziya_Abdoulkarim,1.76,64000.0
Federico_Franetovich,2.0,90000.0
Federico_Martina,2.02,92000.0
Felipe_Henríquez_Díaz,1.83,77000.0
Felipe_Lourenço_da_Silva,1.88,77000.0
Felix_Fischer,2.03,88000.0
Felix_Isaak,2.0,79000.0
Femke_Stoltenborg,1.89,81000.0
Feng_Kun,1.83,75000.0
Ferdinand_Tille,1.85,70000.0
Fernandez_Lopez,1.98,84000.0
Fernando_Borrero,2.01,88000.0
Fernando_González_(volleyball),1.94,84000.0
Fernando_Hernandez_Ramos,196.0,78000.0
Fernando_Kreling,1.85,90000.0
Fernando_Morales_(volleyball),1.94,93000.0
Filip_Cveticanin,2.01,90000.0
Filip_Habr,2.01,92000.0
Filip_Palgut,2.01,91000.0
Filip_Stoilović,1.95,89000.0
Filip_Vujić,1.91,85000.0
Filipe_Ferraz,1.94,90000.0
Filipe_Pinto_(volleyball),1.94,85000.0
Filipe_Sousa,1.99,80000.0
Filippo_Lanza,1.94,98000.0
Firat_Ezel_Filiz,1.98,100000.0
Florian_Malisse,1.91,82000.0
Flávio_Cruz,1.95,86000.0
Francesc_Llenas,186.0,72000.0
Francesca_Ferretti,1.8,70000.0
Francesca_Piccinini,1.85,62000.0
Francesco_Biribanti,2.01,94000.0
Francesco_De_Marchi,1.93,91000.0
Francesco_Fortunato,2.01,96000.0
Charles_Vinent,1.92,75000.0
Charlotte_Leys,1.84,78000.0
Charo_Soriano,1.7272,61236.0
Chaïne_Staelens,1.94,77000.0
Chen_Jiahao,1.87,80000.0
Chen_Liyi,1.84,75000.0
Chen_Longhai,2.01,85000.0
Chen_Ping_(volleyball),1.95,78000.0
Chen_Tao_(volleyball),1.88,79000.0
Chen_Zhan,1.8,65000.0
Chihiro_Kato,1.78,61000.0
Chizuru_Kotō,1.71,64000.0
Chloe_Mann,1.89,75000.0
Choi_Bu-sik,1.8,80000.0
Choi_Hong-suk,1.95,80000.0
Choi_Min-ho_(volleyball),1.98,86000.0
Chokri_Jouini,1.96,72000.0
Chono_Penchev,1.97,78000.0
Chris_Bildfell,1.98,93000.0
Chris_Tamas,1.95,95000.0
Christelle_Nana_Tchoudjang,1.84,80000.0
Christian_Dünnes,2.07,105000.0
Christian_Frehlick,1.89,88000.0
Christian_Fromm,2.04,99000.0
Christina_Bauer,1.96,79000.0
Christof_Van_Goethem,1.93,95000.0
Christophe_Meneau,2.02,85000.0
Christophe_Van_De_Plas,1.93,78000.0
Christopher_Hoag_(volleyball),1.92,79000.0
Christopher_Seiffert,1.9,82000.0
Christopher_Voth,1.97,81000.0
Christopher_Wolfenden,1.95,89000.0
Christos_Dimitrakopoulos,1.88,86000.0
Chrysanthos_Kyriazis,1.95,84000.0
Chu_Hui,1.87,70000.0
Chung_Euy-tak,1.94,87000.0
Ciara_Michel,1.95,70000.0
Ciaran_McGovern,1.81,80000.0
Cidão,1.96,90000.0
Cinthia_Piñeiro,1.83,60000.0
Claudia_Reséndiz,1.72,72000.0
Claudia_Ríos,1.74,54000.0
Claudio_Di_Coste,2.07,100000.0
Clayton_Stanley,2.05,104000.0
Colin_McMillan_(volleyball),2.1,100000.0
Colin_Pocock,1.95,107000.0
Cristian_Casoli,1.92,85000.0
Cristian_Cruz,1.8,100000.0
Cristian_Rivera,1.98,82000.0
Cristian_Rodolfo_Lazarte,1.82,73000.0
Cristina_Chirichella,1.95,75000.0
Cristina_Salak,1.8,65000.0
Cui_Xiaodong,205.0,80000.0
Cydthealee_Demecillo,1.73,56800.0
Cüneyt_Dağcı,2.09,107000.0
Caitlin_Mahoney,1.78,70000.0
Caner_Çiçekoğlu,1.9,84000.0
Cansin_Hacibekiroglu,2.02,93000.0
Cansın_Ogbai_Enaboifo,1.93,91000.0
Carla_Jenson,1.8,68000.0
Carlijn_Jans,1.92,77000.0
Carlos_Arias_(volleyball),1.97,92000.0
Carlos_Ayala_(volleyball),1.86,71000.0
Carlos_Eduardo_Barreto_Filho,1.99,81000.0
Carlos_Fidalgo,1.98,95000.0
Carlos_Guerra_(volleyball),1.96,95000.0
Carlos_Jiménez_(volleyball),1.92,65000.0
Carlos_Julio_Languidey,1.89,90000.0
Carlos_Liborio,1.97,87000.0
Carlos_Manuel_Velásquez,1.7,68000.0
Carlos_Mora_Sabaté,1.97,88000.0
Carlos_Pinillo,1.93,86000.0
Carlos_Páez_(volleyball),1.92,82000.0
Carlos_Tejeda,1.98,90000.0
Carmela_Tunay,1.71,66000.0
Carson_Clark,2.05,93000.0
Casey_Adam_Schouten,1.94,95000.0
Casey_Jennings,1.905,86184.0
Casper_Munk_Christiansen,1.97,93000.0
Caterina_Bosetti,1.8,65000.0
Cedric_Proverbs,1.93,87000.0
Celeste_Plak,1.9,84000.0
Ceyda_Aktaş,1.89,77000.0
Cha_Cruz,1.72,60000.0
Chaima_Ghobji,1.77,72000.0
Chang_Kwang-kyun,1.9,82000.0
Chang_Yoon-chang,1.95,88000.0
Charalambos_Sakoglou,1.94,84000.0
Ubirajara_Pereira,1.98,87000.0
Ufuk_Minici,2.01,98000.0
Ulaş_Kıyak,1.87,82000.0
Urban_Lennartsson,1.92,80000.0
Uvaldo_Acosta,1.8,86000.0
Łukasz_Kozub,1.86,90000.0
Łukasz_Perłowski,2.04,97000.0
Łukasz_Polański,2.05,94000.0
Łukasz_Wiśniewski,1.98,93000.0
Łukasz_Żygadło,2.01,91000.0
Jerónimo_Bidegain,2.0,93000.0
Jesse_Mäntylä,1.76,70000.0
Jessel_Davis,1.96,76000.0
Jessie_Colon,1.92,74000.0
Jesus_Cruz,2.03,100000.0
Jesus_Serrano_(volleyball),1.89,85000.0
Jesús_Alberto_Perales,2.0,86000.0
Jesús_Chourio,2.01,88000.0
Jesús_Rangel,1.93,82000.0
Jesús_Valdés_Loredo,1.88,88000.0
Jeyran_Aliyeva,1.65,51000.0
Jhonlen_Barreto,1.85,80000.0
Jhoser_Contreras,1.91,84000.0
Ji_Daoshuai,1.95,75000.0
Ji_Tae-hwan,2.0,89000.0
Ji_Zhe,2.0,90000.0
Jia_Morado,1.524,54432.0
Jiang_Kun_(volleyball),1.97,90000.0
Jiao_Shuai,1.94,75000.0
Jimmy_George,1.87,78000.0
Jimmy_Prenen,1.96,87000.0
Jin_Sang-houn,2.0,85000.0
Jirayu_Raksakaew,1.96,82000.0
Jiří_Bence,188.0,88000.0
Jiří_Cerha,1.99,92000.0
Jiří_Kovář,2.02,95000.0
Jiří_Král,2.02,101000.0
Jiří_Novák_(volleyball),1.97,85000.0
Jiří_Popelka,204.0,100000.0
Jiří_Zadražil,198.0,102000.0
Jo_Van_Decraen,2.1,97000.0
Joan_Llanez,2.0,83000.0
Joanna_Kaczor,1.91,72000.0
Joanna_Mirek,1.86,68000.0
Joao_Coelho_(volleyball),1.85,90000.0
Joao_Fidalgo,1.72,67000.0
Joao_Magalhaes,1.89,75000.0
Joao_Oliveira_(volleyball),1.94,80000.0
Joao_Simoes,1.94,86000.0
Joaquin_Lucas_Layus,2.07,89000.0
Jocelyn_Urías,1.9,65000.0
Jochem_de_Gruijter,1.99,92000.0
Jochen_Schöps,2.0,100000.0
Joel_Rivera_(volleyball),1.85,89000.0
Joel_Tyrrell,180.0,74000.0
Johan_Cohen,1.9,90000.0
Johan_Estrada,2.0,92000.0
Johan_Isacsson,1.9,80000.0
Johan_López,2.01,100000.0
John_Barret_(volleyball),1.98,101000.0
James_Polster,1.98,100000.0
James_Shaw_(volleyball),2.03,98000.0
Jan-Philipp_Marks,1.96,86000.0
Jan_Hedengard,1.85,80000.0
Jan_Helenius,1.83,74000.0
Jan_Holmqvist,1.91,80000.0
Jan_Kuliha,1.98,90000.0
Jan_Nowakowski,2.02,95000.0
Jan_Václavík,1.8,73000.0
Jan_Willem_Snippe,2.0,94000.0
Jan_Zimmermann_(volleyball),1.9,82000.0
Jana_Matiašovská-Aghayeva,1.95,76000.0
Jane_Jepkemboi,1.76,70000.0
Jang_Yeong-ki,1.87,81000.0
Jani_Sippola,1.91,91000.0
Janie_Guimond,1.65,62000.0
Janis_Sirelpuu,1.97,92000.0
Jari_Tuominen,2.0,89000.0
Jarmo_Kaaretkoski,1.86,80000.0
Jarmo_Korhonen,1.78,85000.0
Jaromir_Zachrich,2.01,95000.0
Jaroslav_Škach,1.94,88000.0
Jarosław_Stancelewski,2.06,105000.0
Jarrod_Offereins,1.95,75000.0
Jarryd_Christensen,1.98,88000.0
Jason_DeRocco,1.98,94000.0
Jason_Dufault,1.94,90000.0
Jason_Griffith_(volleyball),1.92,83000.0
Jasper_Diefenbach,1.95,90000.0
Javad_Hosseinabadi,1.95,87000.0
Javiel_Montes_De_Oca,2.0,89000.0
Javier_Brito,1.85,70000.0
Javier_Filardi,1.9,89000.0
Javier_Gaspar,1.83,75000.0
Javier_González_Panton,1.93,80000.0
Javier_Jiménez_(volleyball),1.98,89000.0
Javier_Subiela,1.98,89000.0
Jay_Blankenau,1.94,94000.0
Jayson_Jablonsky,1.98,91000.0
Jazmin_Hernández,1.75,70000.0
Jean-Charles_Monneraye,2.09,103000.0
Jean-François_Exiga,1.76,75000.0
Jean-Marc_Jurkovitz,1.95,82000.0
Jean-Michel_Vandelannoote,1.96,0.0
Jean-Philippe_Sol,1.98,92000.0
Jean-René_Akono,1.9,80000.0
Jean-Stéphane_Tolar,1.99,90000.0
Jean_Abi-Chedid,1.97,95000.0
Jean_Carlos_Ortíz,1.93,77000.0
Jean_Fillis_Tchamot,1.8,85000.0
Jean_Merlin_Nziemi,200.0,116000.0
Jean_Patrice_Ndaki_Mboulet,2.01,108000.0
Jean_Pierre_Ndongo,196.0,92000.0
Jeffrey_Menzel,1.99,92000.0
Jelena_Alajbeg,1.83,75000.0
Jelle_Ribbens,1.87,76000.0
Jelte_Maan,1.9,86000.0
Jem_Ferrer,1.524,63504.0
Jenia_Grebennikov,1.88,72000.0
Jennifer_Geerties,1.84,58000.0
Jennifer_Lundquist,1.78,76000.0
Jennifer_Pettke,1.87,71000.0
Jennifer_Taylor_(volleyball),1.79,74000.0
Jennifer_Álvarez,1.84,72000.0
Jeon_Kwang-in,1.94,82000.0
Jeong_Min-su,1.78,75000.0
Jernej_Potočnik,1.96,92000.0
Jeroen_Rauwerdink,2.0,92000.0
Jeroen_Trommel,1.94,93000.0
John_Gordon_Perrin,2.01,95000.0
Jolan_Cox,1.94,75000.0
Jon_Rivera,1.93,77000.0
Jonas_Aguenier,2.0,97000.0
Jonathan_King_(volleyball),1.92,88000.0
Jonathan_Quijada,2.03,82000.0
Jonathan_Winder,2.03,91000.0
Joni_Markkula,1.92,84000.0
Joni_Mikkonen,1.94,86000.0
Joni_Savimäki,1.91,88000.0
Joo_Sang-yong,1.97,87000.0
Joppe_Paulides,2.03,85000.0
Joram_Maan,1.97,90000.0
Jordan_Richards_(volleyball),1.93,80000.0
Jordi_Gens,188.0,82000.0
Jorge_Almansa,1.95,81000.0
Jorge_Alves,1.87,87000.0
Jorge_Antonio_López,1.88,75000.0
Jorge_Barajas,1.87,80000.0
Jorge_Caraballo_(volleyball),2.02,95000.0
Jorge_Fernández_Valcárcel,201.0,90000.0
Jorge_González_(volleyball,_born_1982),1.97,96000.0
Jorge_González_(volleyball,_born_1991),2.04,85000.0
Jorge_Luis_Galva,1.96,97000.0
Jorge_Luis_Hernández,1.99,87000.0
Jorge_Orlando,1.97,105000.0
Jorge_Quiñones_(volleyball),1.86,80000.0
Joris_Marcelis,2.11,100000.0
Jose_Gutierrez_(volleyball),1.9,76000.0
Jose_Miguel_Mulero,1.7,63000.0
Jose_Perez_(volleyball),1.88,78000.0
Jose_Vieira,2.0,94000.0
Josefina_Fernández,1.75,72000.0
Josep_Suarez,1.92,85000.0
Joseph_Herve_Kofane_Boyomo,2.06,95000.0
Joshua_Howatson,199.0,95000.0
Joshua_Slack,1.91,88000.0
Josue_Núñez,1.96,74000.0
José_Carrasco_(volleyball),1.95,89000.0
José_Castro_(volleyball),1.88,82000.0
José_Gomes_(volleyball),1.98,90000.0
José_Luis_González_(volleyball),2.06,97000.0
José_Luis_Lobato_(volleyball),1.88,85000.0
José_Martell,195.0,85000.0
José_Martínez_(volleyball),2.0,100000.0
José_Mendoza_Perdomo,1.7,71000.0
José_Miguel_Cáceres,2.1,98000.0
José_Monteiro_(volleyball),1.8,70000.0
José_Quiñones,1.92,88000.0
José_Santos_Júnior,2.07,120000.0
José_Sugrañes,2.01,95000.0
José_Trèfle,1.98,92000.0
Jouni_Palokangas,1.93,88000.0
Jovana_Brakočević,1.96,77000.0
Jovana_Gogić,1.8,64000.0
Jovelyn_Gonzaga,1.524,61000.0
Jozef_Piovarči,2.06,105000.0
João_Malveiro,1.98,90000.0
João_Paulo_Bravo,190.0,87000.0
João_Paulo_Tavares,205.0,95000.0
Juan_Antonio_Pozo,1.9,109000.0
Juan_Bosco_Alcaraz,2.05,90000.0
Juan_Carlos_Barcala,2.01,94000.0
Juan_Carlos_Pinzón_(volleyball),1.83,78000.0
Juan_Carlos_Vega_(volleyball),1.92,82000.0
Juan_Contreras,1.76,70000.0
Juan_Eury_Almonte,1.96,96000.0
Juan_Figueroa_(volleyball),1.89,88000.0
Juan_García_(volleyball),2.03,120000.0
Juan_González_(volleyball),1.92,83000.0
Juan_Ignacio_Finoli,1.89,84000.0
Juan_Tejada,1.87,96000.0
Juan_Vazquez_(volleyball),1.88,82000.0
Juan_Virgen,1.97,85000.0
Judith_Pietersen,1.88,67000.0
Juha_Aho,1.91,93000.0
Juho_Rajala,1.81,73000.0
Juleandro_Rodrigues_Rocha,1.88,80000.0
Julia_Willand,1.78,69000.0
Juliana_Costa,1.86,72000.0
Julien_Lemay,1.81,71000.0
Julien_Lyneel,1.92,85000.0
Julieta_Lazcano,1.9,74000.0
Juliette_Asta_Gamkoua,1.8,72000.0
Julián_Chury,1.95,80000.0
Julián_Duarte,2.0,79000.0
Julián_García-Torres,2.02,91000.0
Jumah_Faraj,1.99,70000.0
Jungo_Morita,1.94,85000.0
Junichi_Kuriuzawa,1.93,75000.0
Junot_Mistoco,1.98,105000.0
Juraj_Zaťko,1.92,87000.0
Jurij_Gladyr,2.02,96000.0
Justin_Bennett_(volleyball),1.9,86000.0
Justine_Young,1.88,75000.0
Jørre_Kjemperud,1.88,85000.0
Július_Sabo,2.08,100000.0
Jędrzej_Gruszczyński,1.83,73000.0
Jędrzej_Maćkowiak,1.98,86000.0
Jaanus_Nõmmsalu,2.0,100000.0
Jackson_Rivera,1.86,66000.0
Jacob_Kilpatrick,2.07,100000.0
Jacob_Ross_Guymer,2.03,100000.0
Jacopo_Massari,1.85,79000.0
Jacques_Borgeaud,1.78,70000.0
Jacques_Yoko,1.97,88000.0
Jaime_Andrés,2.02,98000.0
Jaimie_Thibeault,1.88,79000.0
Jairo_Cuevas_(volleyball),1.85,81000.0
Jairo_Hooi,2.01,88000.0
Jakub_Bednaruk,1.88,90000.0
Jakub_Janouch,1.94,88000.0
Jakub_Jarosz,1.97,94000.0
Jakub_Kochanowski,1.99,84000.0
Jakub_Novotný,1.96,86000.0
Jakub_Oczko,1.93,85000.0
Jakub_Popiwczak,1.8,70000.0
Jakub_Szymański,1.98,80000.0
Jakub_Veselý,206.0,94000.0
Jakub_Ziobrowski,2.01,98000.0
Jamal_Nedd,1.95,87000.0
Rob_Bontje,2.06,94000.0
Robbert_Andringa,1.92,85000.0
Robert_Celan,1.95,90000.0
Robert_Horstink,2.01,92000.0
Robert_Monvoisin,1.87,83000.0
Robert_Nowotny,1.85,83000.0
Robert_Prygiel,2.0,100000.0
Robert_Szczerbaniuk,1.99,89000.0
Robert_Tarr,1.94,88000.0
Robert_Täht,1.91,82000.0
Robertlandy_Simón,2.06,112000.0
Roberto_Alejandro,1.84,82000.0
Roberto_Bosch_Nogueras_Filho,1.87,79000.0
Roberto_Cazzaniga,2.0,85000.0
Roberto_Minuzzi_Jr,2.0,88000.0
Roberto_Muñiz,1.96,92000.0
Roberto_Muñoz_(volleyball),1.94,92000.0
Roberto_Márquez_(volleyball),1.87,74000.0
Roberto_Reis,1.87,82000.0
Roberto_Rincon,1.96,80000.0
Roberto_Vilela,1.82,68000.0
Robin_Bautista,1.95,75000.0
Robin_Overbeeke,1.98,92000.0
Robin_de_Kruijf,1.93,81000.0
Rocco_Barone,2.0,91000.0
Rod_Walsh,1.95,96000.0
Rodney_Mayers,1.78,84000.0
Rodrigo_Aschemacher,2.04,97000.0
Rodrigo_Peres_Lopes,1.85,82000.0
Rodrigo_Quiroga,1.94,84000.0
Rodrigo_Villalba,1.9,88000.0
Rodrigo_Zelada,1.85,68000.0
Rodrigo_do_Nascimento,2.02,98000.0
Rodriguez_Ruiz,2.0,84000.0
Roger_Bowen_Kango,1.9,87000.0
Roko_Sikirić,1.96,88000.0
Roland_Rademaker,1.92,83000.0
Rolando_Cepeda,1.98,77000.0
Rolando_Ismael,1.93,82000.0
Roline_Tatchou_Nyoyo,1.8,92000.0
Romain_Vadeleux,196.0,100000.0
Roman_Bragin,1.87,82000.0
Roman_Danilov_(volleyball),2.05,90000.0
Roman_Fartov,1.84,83000.0
Roman_Macek,1.86,84000.0
Roman_Martynyuk,1.82,75000.0
Roman_Ondrušek,1.91,84000.0
Roman_Panenko,1.95,90000.0
Romel_Agard,2.0,88000.0
Ron_Zwerver,2.0,93000.0
Ronald_Méndez,2.03,84000.0
Rosalín_Ángeles,1.89,61000.0
Ross_Ballard,1.95,95000.0
Éric_Bouvier,1.96,97000.0
Éric_Lebreton,1.93,93000.0
Rozalin_Penchev,1.97,79000.0
Ruben_Schott,1.92,85000.0
Rudy_Suwara,1.905,90720.0
Rudy_Verhoeff,1.98,88000.0
Rui_Moreira_(volleyball),1.82,81000.0
Rui_Santos,2.03,95000.0
Rune_Huss,1.95,92000.0
Russell_Holmes_(volleyball),2.05,95000.0
Russell_Peña,1.96,101000.0
Ryan_Ammerman,2.05,90000.0
Ryoko_Tokuno,1.68,60000.0
Ryszard_Bosek,1.89,88000.0
Ryu_Morishige,1.91,83000.0
Ryusuke_Tsubakiyama,1.97,103000.0
Régulo_Briceño,1.75,85000.0
Róbert_Hupka,1.94,92000.0
Rami_Bennour,1.86,79000.0
Ramon_R._Martinez_Gion,1.93,85000.0
Ramón_Burgos,1.98,91000.0
Rao_Shuhan,2.09,85000.0
Raphael_Florêncio_Margarido,1.85,83000.0
Raphael_Vieira_de_Oliveira,1.9,86000.0
Raphaela_Folie,1.86,82000.0
Rasamee_Supamool,1.81,75000.0
Rashad_Atia,2.01,91000.0
Rasoul_Najafi,1.96,85000.0
Ratko_Periš,1.95,85000.0
Rauno_Tamme,1.88,78000.0
Raymundo_Torres_(volleyball),1.77,73000.0
Raúl_Diago,1.91,80000.0
Rebecca_Pavan,1.92,67000.0
Rebekka_Kadijk,1.75,68000.0
Reda_Haikal,1.98,85000.0
Regina_Moroz,1.88,70000.0
Regla_Gracia,1.77,67000.0
Renan_Ribeiro_(volleyball),1.95,90000.0
Renan_Zanatta_Buiatti,2.17,85000.0
Renato_Santos_Felizardo,2.0,89000.0
Renaud_Herpe,0.97,197000.0
Renee_Teppan,1.97,89000.0
Renier_Grace,1.95,85000.0
René_Fernando_Barrientos,1.71,75000.0
Reza_Abedini_(volleyball),2.03,93000.0
Reza_Ghara,2.0,87000.0
Reza_Safaei,1.94,88000.0
Rhea_Katrina_Dimaculangan,1.7018,66000.0
Riad_Ribeiro,2.04,100000.0
Ricardo_Calvo_(volleyball),1.93,74000.0
Ricardo_Galandi,2.0,103000.0
Ricardo_Lucarelli_Souza,1.95,79000.0
Ricardo_Rodríguez_(volleyball),1.88,82000.0
Ricardo_Santos_(beach_volleyball),2.0,103000.0
Ricardo_Silva_(volleyball),1.94,82000.0
Rich_Duwelius,1.98,89000.0
Richar_Lazcano,1.94,86000.0
Richard_Nemeč,2.02,0.0
Richard_Rademaker,1.91,80000.0
Richard_Santos,1.96,67000.0
Ridl_Garay,1.94,74000.0
Rie_Takaki,1.76,64000.0
Riho_Ōtake,1.83,65000.0
Rio_Matsunaga,1.9,80000.0
Risa_Ishibashi,1.78,62000.0
Risa_Ishii,1.79,66000.0
Risa_Shinnabe,1.73,66000.0
Rivo_Vesik,1.98,90000.0
Racem_Siala,1.87,79000.0
Radek_Mach,2.06,105000.0
Radmila_Beresneva,1.85,70000.0
Radovan_Cebalovic,2.02,110000.0
Rafael_Araujo_(volleyball),2.06,93000.0
Rafael_Ortiz,200.0,86000.0
Rafail_Koumentakis,2.03,84000.0
Rafał_Buszek,1.98,88000.0
Rafał_Musielak,1.88,86000.0
Rahma_Agrebi,1.76,72000.0
Rahman_Davoudi,1.95,95000.0
Raimo_Pajusalu,2.0,96000.0
Rait_Rikberg,1.74,79000.0
Rajko_Strugar,1.93,85000.0
Ma_Ming,2.05,90000.0
Ma_Nak-gil,1.88,82000.0
Ma_Yunwen,1.9,67000.0
Maarten_van_Garderen,2.0,89000.0
Maciej_Muzaj,2.08,88000.0
Maciej_Zajder,2.02,96000.0
Madina_Aliyeva,1.7,65000.0
Madis_Pärtel,1.91,82000.0
Mads_Ditlevsen,1.98,94000.0
Magdalena_Gryka,1.78,65000.0
Magdalena_Śliwa,1.73,69000.0
Mahmoud_El_Koumy,1.94,80000.0
Mahmoud_Elkoumy,196.0,80000.0
Mahmoud_Elnagar,1.98,99000.0
Mahmoud_Hassona,1.98,100000.0
Mahmoud_Ismail,1.93,89000.0
Mai_Fujii,1.74,62000.0
Mai_Uemura,1.83,74000.0
Mai_Yamaguchi,1.76,62000.0
Maikel_Bastida,1.95,91000.0
Maikel_Salas,1.92,78000.0
Maiko_Kano,1.85,65000.0
Maja_Tokarska,1.93,72000.0
Makoto_Yamaguchi_(volleyball),1.88,82000.0
Malek_Chekir,1.9,82000.0
Malek_Djari,1.82,60000.0
Maliki_Moussa,2.06,97000.0
Malloum_Adam_Abbas,201.0,83000.0
Mamdouh_Abdelrehim,2.07,90000.0
Mami_Yoshida,1.58,57000.0
Mana_Toe,1.63,60000.0
Manius_Abbadi,2.02,86000.0
Mannix_Román,1.9,85000.0
Manos_Xenakis,1.96,90000.0
Manuel_Callebert,1.81,85000.0
Manuel_Fernando_Silva,1.9,86000.0
Manuel_Macías,1.74,75000.0
Manuel_Rieke,1.93,90000.0
Manuel_Torres_Torres,1.9,83000.0
Mao_Tianyi,2.0,84000.0
Marat_Adryshev,2.04,100000.0
Marat_Imangaliyev,1.94,89000.0
Marawan_Mohamed,1.92,86000.0
Marc-Anthony_Honoré,2.04,82000.0
Marc_Altayó_Ruiz,2.02,87000.0
Marc_Schalk,1.97,85000.0
Marc_Zopie,1.98,87000.0
Marcel_Gromadowski,2.02,103000.0
Marcel_Keller_Gil,2.06,94000.0
Marcel_Lux,2.0,92000.0
Marcelo_Negrão,1.98,90000.0
Marcin_Jagoda,1.91,93000.0
Marcin_Janusz,1.95,85000.0
Marcin_Możdżonek,2.11,104000.0
Marcin_Nowak_(volleyball),2.15,105000.0
Marcin_Waliński,1.95,85000.0
Marcin_Wika,1.94,94000.0
Marco_Antonio_Pompeu,1.99,82000.0
Marco_Falaschi,1.87,85000.0
Marco_Ferreira_(volleyball),2.03,97000.0
Marco_Macías,1.93,86000.0
Marco_Negri_(volleyball),1.93,84000.0
Marco_Nuti,1.9,83000.0
Marco_Soares_(volleyball),1.86,87000.0
Marcos_Dominguez,1.95,86000.0
Marcos_Milinkovic,2.05,99000.0
Marcus_Böhme,2.11,116000.0
Marcus_Guttmann,2.05,95000.0
Marcus_Popp,1.92,83000.0
Marcus_Vinícius_Acácio,2.08,100000.0
Mareen_Apitz,1.83,73000.0
Marek_Beer,2.01,101000.0
Marek_Novotný,202.0,84000.0
Maret_Balkestein-Grothues,1.8,68000.0
Matthew_Rawson,2.05,91000.0
Matthias_Pompe,1.98,94000.0
Matthias_Valkiers,1.98,92000.0
Matthijs_Verhanneman,1.98,96000.0
Matti_Oivanen,1.98,90000.0
Mattia_Rosso,1.98,98000.0
Matías_Macor,1.98,85000.0
Matías_Zublena,1.98,80000.0
Maud_Catry,1.89,78000.0
Maurice_Torres,2.01,68000.0
Mauricio_Borges_Almeida_Silva,1.99,99000.0
Mauro_Di_Bernardo,1.91,85000.0
Mauro_Gavotto,2.01,88000.0
Maurício_Luiz_de_Souza,2.07,99000.0
Maurício_Silva,1.99,99000.0
Maurício_Souza,2.09,93000.0
Max_Burt,2.07,101000.0
Max_Günthör,2.06,88000.0
Max_Staples,1.94,83000.0
Maxim_Mamedov,2.0,88000.0
Maxim_Mikhaylov,2.02,105000.0
Maxim_Panteleymonenko,2.04,102000.0
Maxim_Tereshin,2.0,93000.0
Maxim_Zhigalov,2.01,85000.0
Maximiliano_Cavanna,1.85,79000.0
Maximiliano_Chirivino,1.78,84000.0
Maximiliano_Gauna,1.97,93000.0
Maximo_Torcello,1.98,88000.0
Maxwell_Holt,2.05,90000.0
May_Luna,1.72,54550.0
Mayra_García,1.73,64000.0
Maïssa_Lengliz,1.8,65000.0
Megan_Cyr,1.82,75000.0
Megan_Schipper,1.8,66000.0
Megumi_Kurihara,1.87,69000.0
Mehdi_Mahdavi,1.9,92000.0
Mehdi_Marandi,1.72,69000.0
Melek_Melliou,1.97,95000.0
Melissa_Vargas,1.93,78000.0
Menelaos_Kokkinakis,1.93,79000.0
Mered_de_Vries,1.74,64000.0
Merel_Mooren,1.86,70000.0
Meriem_Mami,1.65,74000.0
Merten_Krüger,1.95,93000.0
Meserra_Ben_Halima,1.81,76000.0
Metin_Toy,2.02,95000.0
Metodi_Ananiev,2.03,100000.0
Mi_Ming,1.93,93000.0
Mi_Yang,1.8,70000.0
Mia_Jerkov,1.92,68000.0
Micah_Christenson,1.98,88000.0
Michael_Andrei,2.1,98000.0
Michael_Brüning,1.92,108000.0
Michael_Laimer,2.07,92000.0
Michael_Olieman,2.02,97000.0
Michael_Sánchez,2.06,100000.0
Michal_Finger,2.01,91000.0
Michal_Hruška,1.99,93000.0
Michal_Kriško,2.0,93000.0
Michal_Masný,1.82,75000.0
Michal_Palinek,1.89,80000.0
Michal_Rak,205.0,102000.0
Michal_Červeň,2.05,118000.0
Michalis_Triantafyllidis,1.94,90000.0
Michaël_Parkinson_(volleyball),2.03,98000.0
Michał_Bąkiewicz,1.97,89000.0
Michał_Filip,1.95,94000.0
Michał_Kamiński_(volleyball),2.1,112000.0
Michał_Kubiak,1.93,87000.0
Michał_Kędzierski,1.95,87000.0
Michał_Ruciak,1.9,82000.0
Michał_Winiarski,2.0,82000.0
Michał_Łasko,2.02,99000.0
Michał_Żurek,1.82,78000.0
Michel_Haesevoets,1.94,79000.0
Michele_Baranowicz,1.95,93000.0
Michele_Fedrizzi,1.92,80000.0
Michele_Gumabao,1.78,63000.0
Midori_Takahashi,1.72,67000.0
Miguel_Angel_Fornes,2.02,94000.0
Miguel_Chavez,2.02,73000.0
Miguel_Dalmau,1.97,83000.0
Miguel_Gutierrez_(volleyball),1.97,86000.0
Miguel_Tavares_Rodrigues,1.91,68000.0
Miguel_Valencia,1.84,76000.0
Miguel_Ángel_De_Amo,1.85,80000.0
Miguel_Ángel_Falasca,1.94,90000.0
Mihajlo_Mitić,2.01,90000.0
Mihajlo_Stanković,2.0,83000.0
Miika_Heikkinen,2.0,94000.0
Mika_Pyrhönen,1.97,95000.0
Mika_Reyes,1.8,59000.0
Mika_Saiki,1.72,63000.0
Mika_Yamauchi,1.82,69000.0
Mikaeil_Tajer,2.01,80000.0
Maria_Angeli_Tabaquero,1.74,61000.0
Maria_Liktoras,1.91,73000.0
Maria_Perepelkina,1.87,72000.0
Mariana_Casemiro,1.81,67000.0
Marianne_Fersola,1.91,60000.0
Mariano_Cavanna,1.85,79000.0
Mariano_Giustiniano,189.0,91000.0
Mariel_Medina,1.72,62000.0
Mariem_Brik,1.83,77000.0
Marien_Moreau,2.01,100000.0
Mariia_Bibina,1.76,60000.0
Marija_Ušić,1.85,67000.0
Marina_Maryukhnich,1.97,78000.0
Marina_Pankova,1.8,78000.0
Marina_Storozhenko,1.75,57000.0
Mario_Becerra,192.0,86000.0
Mario_Ferrera,1.87,85000.0
Mario_Frias_(volleyball),1.98,75000.0
Mario_Mattioli,1.85,80000.0
Mario_Rivera_(volleyball),1.8,92000.0
Mario_Yáñez,1.91,82000.0
Mario_Zelić,2.02,94000.0
Mario_da_Silva_Pedreira_Junior,192.0,91000.0
Mariola_Zenik,1.73,64000.0
Marion_Frías,1.91,105000.0
Mariusz_Marcyniak,2.06,98000.0
Mariusz_Prudel,1.91,80000.0
Mariusz_Wlazły,1.94,80000.0
Mariya_Filipova,1.78,68000.0
Mark_Arnold_(volleyball),1.98,93000.0
Mark_Dodds,1.98,90000.0
Mark_Dunn_(volleyball),1.84,86000.0
Mark_Howatson,2.04,81000.0
Mark_Jones_(volleyball),1.98,83000.0
Mark_Lewis_(beach_volleyball),1.98,86000.0
Mark_Williams_(volleyball),1.99,89000.0
Marko_Bojić,2.01,82000.0
Marko_Ivović,1.94,89000.0
Marko_Podraščanin,2.04,92000.0
Marko_Samardžić,1.9,82000.0
Marko_Vukasinovic,1.95,86000.0
Marko_Zlatic,2.03,92000.0
Markus_Steuerwald,1.82,85000.0
Marleen_van_Iersel,1.8,69000.0
Marlon_Muragati_Yared,188.0,82000.0
Marlon_Palharini,194.0,86000.0
Maroua_Boughanmi,1.8,64000.0
Marouan_Fehri,1.97,79000.0
Marouane_Garci,1.94,73000.0
Marouane_M'rabet,1.86,81000.0
Marouen_Garci,1.97,87000.0
Marrit_Leenstra_(volleyball),1.79,68000.0
Mart_van_Werkhoven,2.08,93000.0
Marta_Menegatti,1.8,70000.0
Martha_Revuelta,1.76,77000.0
Marthe_Bilée_Etoga,1.78,78000.0
Martijn_Colson,2.03,96000.0
Martin_Bozhilov,1.9,82000.0
Martin_Kryštof,179.0,78000.0
Martin_Paliyski,2.0,95000.0
Martin_Penev,1.94,95000.0
Martin_Repak,1.91,85000.0
Martin_Skalicka,2.05,88000.0
Martin_Sopko,1.95,90000.0
Martin_Stenderup,1.94,88000.0
Martin_Vlk,1.91,85000.0
Martin_Vydarený,1.86,85000.0
Martti_Juhkami,1.95,94000.0
Martti_Keel,1.88,84000.0
Martín_Blanco_Costa,202.0,98000.0
Martín_Hernández,2.02,80000.0
Martín_Meana,1.88,83000.0
Martín_Petris,1.95,80000.0
Martín_Ramos,1.97,95000.0
Marvin_Prolingheuer,2.09,89000.0
Marwa_Barhoumi,1.74,66000.0
María_José_Orellana,1.64,56000.0
María_Yvett_García,1.84,71000.0
Masafumi_Kanbayashi,2.07,106000.0
Masafumi_Ohura,1.88,82000.0
Masafumi_Ōura,1.88,82000.0
Masahiro_Yanagida,1.86,78000.0
Masaji_Ogino,1.97,85000.0
Masami_Taniguchi,1.77,62000.0
Masami_Yokoyama,1.7,57000.0
Masashi_Kuriyama,1.89,85000.0
Masayuki_Iwata,1.79,66000.0
Masoud_Gholami,2.0,95000.0
Massimo_Colaci,1.8,75000.0
Matej_Kubš,1.88,82000.0
Matej_Paták,1.97,88000.0
Matej_Vidič,2.07,92000.0
Matej_Černič,1.92,80000.0
Mateusz_Bieniek,2.1,98000.0
Mateusz_Czunkiewicz,1.8,73000.0
Mateusz_Malinowski,1.97,85000.0
Mateusz_Masłowski,1.86,81000.0
Mateusz_Mika,2.06,92000.0
Matevž_Kamnik,2.01,90000.0
Matey_Kaziyski,2.02,93000.0
Mathieu_Hamel,1.9,82000.0
Mathijs_Mast,2.0,90000.0
Matt_Anderson_(volleyball),2.02,97520.0
Matt_Zbyszewski,1.92,86000.0
Matteo_Burgsthaler,1.98,96000.0
Matteo_Martino,1.98,84000.0
Matteo_Piano,2.08,102000.0
Mikhail_Ustinov,1.89,79000.0
Miki_Oyama,1.79,72000.0
Miki_Sasaki,1.82,77000.0
Mikko_Oivanen,1.98,92000.0
Milad_Ebadipour,1.96,78000.0
Milagros_Crespo,1.73,60000.0
Milan_Bencz,2.06,99000.0
Milan_Džavoronok,1.91,86000.0
Milan_Katić,2.02,99000.0
Milan_Rašić,2.05,86000.0
Milan_Vasić_(volleyball),2.04,98000.0
Milena_Radecka,1.78,67000.0
Milena_Rosner,1.8,65000.0
Milija_Mrdak,2.01,86000.0
Milos_Hornik,2.05,88000.0
Milos_Simovic,2.0,90000.0
Miloš_Antonić,1.98,90000.0
Miloš_Nikić,1.94,79000.0
Miloš_Terzić,2.02,88000.0
Miloš_Vemić,2.02,90000.0
Miloš_Ćulafić,2.06,101000.0
Mio_Satō,1.53,54000.0
Mira_Golubović,1.88,70000.0
Miroslav_Gradinarov,2.03,91000.0
Miroslav_Jakubov,1.97,90000.0
Misty_May-Treanor,1.7526,72000.0
Mitar_Tzourits,2.11,115000.0
Miwa_Asao,1.72,53000.0
Miya_Sato,1.76,75000.0
Miyu_Nagaoka,1.79,63000.0
Miyuki_Akiyama,1.63,60000.0
Miyuki_Kano,1.75,65000.0
Miyuki_Takahashi,1.7,68000.0
Mizuho_Ishida,1.74,67000.0
Mladen_Novović,1.92,98000.0
Mohamed_Al-Oui,1.98,90000.0
Mohamed_Ali_Ben_Othmen_Miladi,1.95,85000.0
Mohamed_Ali_Louati,1.88,65000.0
Mohamed_Ayech,1.98,86000.0
Mohamed_Bekheet,2.07,105000.0
Mohamed_Ben_Abdallah,1.94,91000.0
Mohamed_El_Daabousi,2.02,107000.0
Mohamed_El_Mahdy,1.78,76000.0
Mohamed_El_Nafrawy,200.0,92000.0
Mohamed_Elmetwaly,2.02,70000.0
Mohamed_Faysel,1.92,79000.0
Mohamed_Hachdadi,1.98,90000.0
Mohamed_Hassan_(volleyball),1.93,76000.0
Mohamed_Issa,2.0,80000.0
Mohamed_Ketat,2.05,93000.0
Mohamed_Khattab,2.02,78000.0
Mohamed_Masoud,2.11,105000.0
Mohamed_Moawad,1.94,90000.0
Mohamed_Thakil,1.84,71000.0
Mohamed_Trabelsi_(volleyball),2.02,92000.0
Mohammad_Hassan_Senobar,2.1,94000.0
Mohammad_Javad_Manavinejad,2.0,84000.0
Mohammad_Mansouri_(volleyball),1.97,93000.0
Mohammad_Mohammadkazem,2.0,92000.0
Mohammad_Mousavi_(volleyball),2.03,86000.0
Mohammad_Shariati,1.9,81000.0
Mohammad_Soleimani_(volleyball),1.93,90000.0
Mohammad_Taher_Vadi,1.94,85000.0
Mohan_Ukkrapandian,0.0,74000.0
Mohsen_Andalib,191.0,83000.0
Mojtaba_Attar,187.0,85000.0
Mojtaba_Mirzajanpour,2.05,88000.0
Mojtaba_Shaban,1.92,86000.0
Mojtaba_Yousefi,1.84,70000.0
Monica_De_Gennaro,1.74,67000.0
Monika_Bociek,1.88,74000.0
Montri_Vaenpradab,1.95,75000.0
Moritz_Reichert,1.94,85000.0
Mory_Sidibé,1.93,92000.0
Mostafa_Sharifat,2.01,100000.0
Moustapha_M'Baye,1.98,93000.0
Mubarak_Dahi,2.02,92000.0
Mujisa,1.92,81000.0
Murat_Karakaya,1.9,83000.0
Murat_Yenipazar,1.93,74000.0
Murilo_Endres,1.9,76000.0
Murilo_Radke,1.94,76000.0
Murphy_Troy,2.02,99000.0
Mustafa_Oguz_Ramazanoglu,1.89,79000.0
Myrlena_López,1.82,72000.0
Myrthe_Schoot,1.84,71000.0
Máximo_Montoya,1.98,86000.0
Médéric_Henry,2.12,106000.0
Mārtiņš_Pļaviņš,1.9,87000.0
Éder_Carbonera,2.04,101000.0
Édgar_Herrera,1.94,75000.0
Édouard_Rowlandson,190.0,89000.0
Danil_Semeyev,2.05,95000.0
Dany_Wilson,2.0,90000.0
Daran_Gill,1.95,86000.0
Daria_Isaeva,1.86,75000.0
Daria_Paszek,1.85,76000.0
Daria_Rossamakhina,1.8,72000.0
Dariam_Acevedo,1.77,68000.0
Dariel_Albo,2.01,82000.0
Dariel_García,2.01,88000.0
Darienn_Ferrer,2.04,84000.0
Dario_Messana,1.88,82000.0
Darko_Antunovic,1.98,88000.0
Darko_Nojić,1.91,83000.0
David_Feughouo,2.06,95000.0
David_Fiel_Rodriguez,2.04,93000.0
David_Juračka,1.82,78000.0
David_Konečný,193.0,95000.0
David_Smith_(volleyball),2.01,86000.0
David_Thomas_(beach_volleyball),1.93,77000.0
David_de_la_Torre,2.0,86000.0
Davide_Marra,180.0,70000.0
Davide_Saitta,1.87,92000.0
Davor_Čebron,1.99,0.0
Davoud_Moghbeli,2.04,97000.0
Dawid_Dryja,2.01,93000.0
Dawid_Konarski,1.98,101000.0
Dawid_Murek,1.96,101000.0
Dawid_Woch,1.98,81000.0
Dayami_Sánchez,1.88,64000.0
Daymara_Lescay,1.84,72000.0
Dayron_Arias,1.96,91000.0
Deborah_Constanzo,1.81,72000.0
Deivi_Yustiz,201.0,78000.0
Dejan_Bojović,1.98,96000.0
Dejan_Laninović,1.98,96000.0
Dejan_Vinčič,2.02,95000.0
Demián_González,192.0,81000.0
Denden_Lazaro,1.524,54432.0
Denis_Biryukov,2.02,93000.0
Denis_Kalinin,2.0,86000.0
Denis_Zemchenok,2.03,93000.0
Denis_Zhukov_(volleyball),1.98,92000.0
Denise_Hanke,1.79,58000.0
Dennis_Borst,1.98,88000.0
Dennis_Del_Valle,1.75,58000.0
Dennis_Deroey,1.91,84000.0
Dennis_van_der_Veen,2.02,100000.0
Denny_Hernández,1.9,85000.0
Denys_Kaliberda,1.93,95000.0
Derek_Thiessen,1.98,93000.0
Devon_Jensen,1.8,82000.0
Devyn_Plett,1.89,81000.0
Diana_Estrada,1.73,53000.0
Diana_Nenova,1.78,70000.0
Dick_Kooy,2.02,80000.0
Diego_Bonini,2.0,108000.0
Diego_Stepanenko,2.04,90000.0
Dilara_Bağcı,1.65,62000.0
Dimitrios_Efraimidis,1.9,74000.0
Dimitrios_Gkaras,1.81,74000.0
Dimitrios_Kazazis,1.94,95000.0
Dimitrios_Soultanopoulos,2.0,90000.0
Dimo_Tonev,2.05,92000.0
Ding_Hui_(volleyball),1.85,80000.0
Dinis_Alves,1.87,70000.0
Diogo_De_Andrade_Silva,1.92,98000.0
Diogo_Pereira,2.0,70000.0
Dirk-Jan_van_Gendt,1.85,78000.0
Dirk_Sparidans,1.81,86000.0
Dirk_Westphal_(volleyball),2.03,92000.0
Djouhar_Allache,1.78,90000.0
Dmitriy_Gorbatkov,1.97,102000.0
Dmitriy_Muserskiy,2.18,104000.0
Dmitriy_Zavgorodniy,2.0,98000.0
Dmitry_Fomin,2.0,94000.0
Dmitry_Kovalyov_(volleyball_player),1.98,82000.0
Dmitry_Krasikov,2.02,93000.0
Dmitry_Shcherbinin,205.0,95000.0
Dmytro_Filippov,1.98,84000.0
Dmytro_Pashytskyy,2.05,100000.0
Dominik_Witczak,1.98,102000.0
Dominika_Strumilo,1.86,66000.0
Donovan_Dzavoronok,2.03,95000.0
Dorcas_Jepleting,1.83,73000.0
Dore_Della_Lunga,1.9,83000.0
Dorian_Ovidio_Guachalla,1.86,81000.0
Dorian_Raya,2.0,95000.0
Dorota_Świeniewicz,1.8,65000.0
Doug_Bruce_(volleyball),1.97,91000.0
Douglas_Bruce_(volleyball),1.97,94000.0
Douglas_Cordeiro,1.97,85000.0
Douglas_Souza,1.99,75000.0
Dragan_Puljić,2.07,94000.0
Dragan_Stanković,2.05,80000.0
Dragan_Travica,2.0,98000.0
Dražen_Luburić,2.02,90000.0
Dulce_Carranza,1.78,83000.0
Dustin_Schneider,1.82,82000.0
Dustin_Watten,1.82,80000.0
Dušan_Petković_(volleyball),2.02,86000.0
Dwight_Carter,1.85,86000.0
Dzi_Gervacio,1.7018,64000.0
Dzmitry_Likharad,1.86,80000.0
Dzmitry_Zhehzdryn,2.07,92000.0
Dávid_Szabó,2.02,97000.0
Daan_van_Haarlem,1.98,89000.0
Dai_Qingyao,2.05,100000.0
Dai_Tezuka,1.91,90000.0
Dairilys_Cruz,1.83,65000.0
Daisaku_Nishio,191.0,85000.0
Daisuke_Sakai,1.8,75000.0
Daisuke_Yako,1.94,89000.0
Dale_Addison,1.87,90000.0
Damian_Domagała,1.98,81000.0
Damian_Schulz,2.08,95000.0
Damian_Wojtaszek,1.8,76000.0
Damiano_Pippi,1.94,75000.0
Damien_Danzell,1.9,86000.0
Damla_Çakıroğlu,1.79,69000.0
Dan_Hanan,1.98,91000.0
Dana_Cranston,1.91,73000.0
Danail_Mihaylov,1.97,87000.0
Danail_Milušev,2.0,102000.0
Danger_Quintana,2.0,95000.0
Daniel_Calvo_(volleyball),1.85,83000.0
Daniel_Erazo,196.0,72000.0
Daniel_Escobar_(volleyball),2.02,90000.0
Daniel_Gavan,2.04,94000.0
Daniel_Gramignoli,1.93,85000.0
Daniel_Jansen_Van_Doorn,2.07,98000.0
Daniel_Lewis_(volleyball),1.9,88000.0
Daniel_Maldonado_(volleyball),1.83,78000.0
Daniel_Mcdonnell,2.0,90000.0
Daniel_Peyev,1.92,88000.0
Daniel_Pfeffer,1.84,80000.0
Daniel_Pliński,2.04,100000.0
Daniel_Rocamora_Blazquez,2.03,104000.0
Daniel_Ruíz,1.94,85000.0
Daniel_Vargas_(volleyball),1.99,85000.0
Daniele_De_Pandis,1.83,73000.0
Daniele_Mazzone,2.08,88000.0
Daniele_Oliveira,1.83,68000.0
Daniele_Sottile,1.86,73000.0
Çağla_Akın,1.77,70000.0
Žarko_Kisić,1.96,94000.0
Amine_Besrour,1.81,78000.0
Amir_Ghafour,2.02,90000.0
Amir_Hossein_Monazzami,1.98,95000.0
Amir_Hosseini,1.83,78000.0
Amporn_Hyapha,1.8,70000.0
Amy_Ahomiro,1.524,61000.0
Ana_Antonijević,1.85,72000.0
Ana_Grbac,1.87,64000.0
Ana_Maria_Gosling,1.76,64000.0
Ana_Moser,1.85,70000.0
Ana_Valle,1.94,89000.0
Anastasiya_Gurbanova,1.9,73000.0
Anders_Kvist,1.88,80000.0
Anderson_Rodrigues_(volleyball),1.9,95000.0
Andjelko_Dangubic,2.09,90000.0
Andrea_Galliani,2.04,93000.0
Andrea_Giovi,1.85,80000.0
Andrea_Justine_Landi,1.85,70000.0
Andrea_Nannini,1.84,80000.0
Andrea_Nencini,1.93,86000.0
Andrea_Rangel,1.8,57000.0
Andreas-Dimitrios_Frangos,2.0,93000.0
Andreas_Andreadis,2.05,99000.0
Andrei_Kuznetsov_(volleyball),1.96,95000.0
Andrei_Zubkov,1.98,86000.0
Andrej_Barbierik,1.98,100000.0
Andrej_Flajs,1.91,84000.0
Andrej_Kravárik,2.04,97000.0
Andrej_Patuc,2.02,83000.0
Andres_Toobal,1.93,84000.0
Andrew_Hein,2.1,105000.0
Andrew_Zurawsky,2.0,93000.0
Andrey_Ashchev,2.02,105000.0
Andrey_Zhekov,1.9,82000.0
Andri_Aganits,2.07,100000.0
Andrija_Gerić,2.03,101000.0
Andrzej_Stelmach,2.0,98000.0
Andrzej_Wrona,2.05,95000.0
André_Lopes,1.93,86000.0
André_Ryuma_Oto_Aleixo,1.89,78000.0
Andrés_Villena,1.94,88000.0
Andy_Jordan_(volleyball),1.95,88000.0
Anestis_Dalakouras,1.96,82000.0
Angel_Petit,1.9,75000.0
Angela_Bys,1.88,98000.0
Angie_Bland,1.87,65000.0
Anna_Kupriianova,1.9,72000.0
Anna_Malova_(volleyball),1.75,59000.0
Anna_Melnikova_(volleyball),1.92,87000.0
Anna_Miros,1.93,80000.0
Anna_Ramírez,1.73,56000.0
Anna_Werblińska,1.78,69000.0
Anne_Buijs,1.91,74000.0
Annie_Martin,1.7,61000.0
Anssi_Vesanen,2.01,105000.0
Ante_Jakovčević,2.0,94000.0
Anthony_Wardrop,1.97,92000.0
Anton_Astashenkov,204.0,105000.0
Anton_Kuznetsov_(volleyball),2.04,91000.0
Anton_Mysin,1.98,92000.0
Anton_Rubtsov,2.04,102000.0
Anton_Yudin,2.1,103000.0
Antonela_Curatola,1.75,71000.0
Antonella_Del_Core,1.82,73000.0
Antoni_Llabres,1.89,77000.0
Antonija_Kaleb,1.88,71000.0
Antonin_Rouzier,2.01,97000.0
Antonio_Ciarelli,1.83,95000.0
Antonio_Corvetta,1.88,82000.0
Antonio_De_Paola,1.92,80000.0
Antonio_Gouvela,1.96,93000.0
Antonio_Miguel_Costa,1.91,82000.0
Alberto_Salas,194.0,84000.0
Alcides_Olivar,2.0,81000.0
Aleh_Achrem,1.96,93000.0
Alejandra_Segura,1.77,69000.0
Alejandro_Moreno_(volleyball),1.91,80000.0
Alejandro_Ramírez_(volleyball),1.97,88000.0
Alejandro_Spajić,2.04,95000.0
Alejandro_Toro,1.9,88000.0
Alejandro_Vigil,2.04,89000.0
Aleksa_Brđović,2.03,91000.0
Aleksandar_Atanasijević,2.0,92000.0
Aleksandar_Marojevic,1.9,75000.0
Aleksandar_Minić,2.05,103000.0
Aleksandar_Mitrović_(volleyball),1.93,93000.0
Aleksandar_Okolić,2.05,90000.0
Aleksandar_Simeonov,1.98,89000.0
Aleksander_Śliwka,1.96,87000.0
Aleksandr_Bogomolov,2.08,95000.0
Aleksandr_Butko,1.98,97000.0
Aleksandr_Kosarev,2.0,90000.0
Aleksandra_Chudina,1.88,73000.0
Aleksandrs_Samoilovs,1.95,94000.0
Aleksey_Obmochaev,1.88,80000.0
Aleksey_Spiridonov_(volleyball),1.96,96000.0
Aleksey_Verbov,1.85,77000.0
Aleksi_Kaatrasalo,1.93,88000.0
Aleksi_Mutka,1.82,72000.0
Alen_Pajenk,2.03,82000.0
Alena_Rojas,1.86,76000.0
Aleona_Denise_Santiago,1.88,65000.0
Alessandra_Januário_dos_Santos,1.74,60000.0
Alessandro_Fei_(volleyball),2.04,90000.0
Alessandro_Paparoni,1.91,75000.0
Alexander_Abrosimov_(volleyball),2.07,98000.0
Alexander_Gutsalyuk,2.05,105000.0
Alexander_Horst,1.85,85000.0
Alexander_Markin_(volleyball),1.96,94000.0
Alexander_Mcmullin,2.01,76000.0
Alexander_Moreno,2.01,90000.0
Alexander_Shadchin,2.04,91000.0
Alexander_Sorokoletov,1.99,90000.0
Alexander_Yanutov,1.95,103000.0
Alexandr_Stolnikov,1.97,95000.0
Alexandra_Gouldie,1.7018,77112.0
Alexandra_Oquendo,1.89,75000.0
Alexandra_Shiryayeva,1.8796,74844.0
Alexandre_Castro,1.91,95000.0
Alexandre_Ferreira_(volleyball),2.03,87000.0
Alexandre_Gaumont_Casias,1.95,95000.0
Alexei_Bebeshin,1.91,83000.0
Alexey_Cheremisin,2.02,98000.0
Alexey_Rodichev,1.96,80000.0
Alexey_Stepanov_(volleyball),1.97,97000.0
Alexis_Batle,1.9,90000.0
Aleš_Holubec,199.0,90000.0
Alfonso_Flores,1.89,90000.0
Alfonso_Lamadrid,1.93,86000.0
Alfredo_Reft,1.78,83000.0
Algimiro_Palencia,1.82,74000.0
Ali_Asghar_Razmfar,1.9,70000.0
Ali_Hamid_Yagoub,1.94,85000.0
Ali_Hassan_Asadi,1.84,75000.0
Ali_Hossein,1.8,70000.0
Ali_Ishaq_Bairami,1.88,80000.0
Ali_Sajjadi,1.94,80000.0
Ali_Shafiei,1.9,80000.0
Alice_Blom,1.78,64000.0
Alireza_Jadidi,2.02,97000.0
Alireza_Mobasheri,1.9,90000.0
Alireza_Nadi,2.0,90000.0
Alireza_Nasr_Esfahani,1.96,84000.0
Alison_Cerutti,2.03,106000.0
Allan_van_de_Loo,1.96,90000.0
Allen_Allen,1.91,100000.0
Almaz_Issin,1.94,77000.0
Alperay_Demirciler,1.78,72000.0
Aly_Elian,2.04,91000.0
Alyssa_Valdez,1.7526,60000.0
Amanda_Craig_(volleyball),1.73,64000.0
Amanda_Francisco,1.8,62000.0
Amaury_Martínez,1.92,90000.0
Amen_Allah_Hmissi,180.0,78000.0
Antonios_Vazhenin,1.94,85000.0
Antti_Esko,1.9,86000.0
Aníbal_Gramaglia,204.0,90000.0
Apostolos_Armenakis,2.05,91000.0
Arash_Kamalvand,2.01,91000.0
Arash_Keshavarzi,1.98,94000.0
Ardo_Kreek,2.03,95000.0
Argo_Meresaar,2.06,104000.0
Argyrios_Mavrovouniotis,1.93,83000.0
Ariel_Acosta,1.94,78000.0
Ariel_Gil_Valdes,2.03,90000.0
Arisa_Inoue,1.78,65000.0
Arisa_Satō,1.64,53000.0
Arkadiusz_Gołaś,2.01,83000.0
Arkady_Kozlov,2.08,108000.0
Armands_Celitāns,2.0,105000.0
Armin_Zubieta,1.82,73000.0
Arnaud_Josserand,1.98,94000.0
Arne_Poelman,2.11,98000.0
Arno_Van_De_Velde,2.1,93000.0
Arshdeep_Dosanjh,2.05,85000.0
Arslan_Ekşi,1.99,92000.0
Artem_Ermakov,1.88,80000.0
Artem_Smoliar,2.09,97000.0
Artsiom_Haramykin,1.94,90000.0
Artur_Ratajczak,2.05,94000.0
Artur_Szalpuk,2.02,92000.0
Artëm_Volvich,2.08,96000.0
Ary_Nóbrega,1.99,74000.0
Asako_Tajimi,1.8,68000.0
Ashlei_Nemer,1.92,80000.0
Aske_Sorensen,1.97,78000.0
Asko_Esna,1.85,86000.0
Asllan_Rusi,1.85,70000.0
Aslı_Kalaç,1.83,73000.0
Assen_Galabinov,2.0,98000.0
Asset_Bazarkulov,2.02,87000.0
Astra_Biltauere,1.68,64000.0
Asuman_Karakoyun,1.8,72000.0
Athanasios_Maroulis,1.91,83000.0
Athanasios_Protopsaltis,1.85,79000.0
Atsushi_Kobayashi_(volleyball),1.94,86000.0
Axel_Jacobsen,1.96,85000.0
Aya_Mikami,1.75,64000.0
Ayako_Sana,1.8,66000.0
Ayano_Nakaoji,1.67,64000.0
Aymen_Ben_Brik,1.88,68000.0
Aymen_Karoui,194.0,102000.0
Ayumi_Nakamura,1.76,70000.0
Ayumu_Shinoda,1.94,88000.0
Azra_Kanovic,1.84,64000.0
Aaron_Russell,2.05,98000.0
Abd_Elhalim,2.1,88000.0
Abdalla_Ahmed,198.0,72000.0
Abdalsalam_Abdallah,2.02,85000.0
Abdolreza_Alizadeh,1.83,80000.0
Abou_Abd_Elahim,2.1,88000.0
Abrahan_Alfonso_Gavilán,1.97,72000.0
Aby_Maraño,1.74,54000.0
Adam_Bartoš,1.98,85000.0
Adam_Kamiński,2.05,89000.0
Adam_Kowalski,1.8,73000.0
Adam_Naeve,2.11,98000.0
Adam_Simac,2.03,101000.0
Adam_White_(volleyball),2.03,89000.0
Adel_Gholami,1.95,88000.0
Adrian_Buchowski,1.94,90000.0
Adrian_Goide,1.91,80000.0
Adrian_Price,1.85,77000.0
Adrian_Radu_Gontariu,2.05,100000.0
Adrian_Stańczak,1.83,77000.0
Adriano_Filipe_Paço,1.95,89000.0
Adriano_Paolucci,1.9,84000.0
Adrián_Aragón,1.93,77000.0
Afonso_Guerreiro,1.97,70000.0
Agustin_Ramonda,2.0,80000.0
Aharon_Gamiz,1.8,70000.0
Ahlam_Amrani,1.78,75000.0
Ahmed_Abd_Elsatar,1.95,93000.0
Ahmed_Abdel_Fattah,1.98,95000.0
Ahmed_Abdel_Naeim,1.97,87000.0
Ahmed_Afifi,194.0,92000.0
Ahmed_Al-Bakhit,1.98,82000.0
Ahmed_Awal,1.92,84000.0
Ahmed_El_Sayed,1.84,84000.0
Ahmed_El_Shikh,2.01,83000.0
Ahmed_Elhefnawy,1.88,80000.0
Ahmed_Elkotb,1.97,80000.0
Ahmed_Ellakany,1.94,84000.0
Ahmed_Kabary,1.97,90000.0
Ahmed_Kotb,202.0,86000.0
Ahmed_Mohamed_(volleyball),1.89,84000.0
Ahmed_Rayan,1.98,81000.0
Ahmed_Shafik_(volleyball),1.9,97000.0
Ahmet_Pezük,2.03,0.0
Ahsanollah_Shirkavand,1.8,75000.0
Ai_Inden,1.73,63000.0
Aimone_Alletti,2.07,90000.0
Airat_Shigapov,1.97,93000.0
Aiza_Maizo-Pontillas,1.524,68000.0
Akari_Oumi,1.71,64000.0
Aki_Shibata,1.76,67000.0
Akihiro_Fukatsu,1.83,68000.0
Akihiro_Yamauchi,2.04,72000.0
Akiko_Ino,1.68,60000.0
Akiko_Uchida,1.73,64000.0
Akira_Koshiya,1.85,78000.0
Akira_Masuno,1.7,66000.0
Akira_Ogawa,1.89,78000.0
Al_Coulter,1.92,87000.0
Alain_Denguessi,1.9,85000.0
Alain_Fossi_Kamto,1.83,81000.0
Alain_London,1.9,86000.0
Alan_Domingos,190.0,89000.0
Alan_Komel,1.88,91000.0
Wael_Al-Aydy,178.0,78000.0
Wafa_Mnassar,1.76,62000.0
Wagner_Antonio_da_Rocha,1.97,88000.0
Waldo_Kantor,1.78,93000.0
Walid_Ben_Cheikh,1.96,76000.0
Wallace_Martins,2.04,100000.0
Wallace_de_Souza,1.98,87000.0
Wanchai_Tabwises,1.85,85000.0
Wang_Chen_(volleyball),1.93,90000.0
Wang_Haichuan,200.0,80000.0
Wang_Hebing,1.91,81000.0
Wang_Huimin,1.84,65000.0
Wang_Jiamin,1.86,75000.0
Wang_Na_(volleyball),1.79,63000.0
Wang_Nan_(volleyball),1.81,67000.0
Wang_Ning_(volleyball),1.89,60000.0
Wang_Yimei,1.9,87000.0
Wassim_Ben_Tara,1.99,87000.0
Weal_Said,2.02,97000.0
Wei_Qiuyue,1.83,80000.0
Wesley_da_Silva,1.9,82000.0
Wiebke_Silge,1.9,75000.0
Wilfredo_León,2.01,85000.0
William_Arjona,1.85,78000.0
William_Price_(volleyball),1.96,94000.0
William_Rafter,1.94,93000.0
William_Sánchez,1.95,86000.0
William_Thwaite,207.0,90000.0
Willner_Rivas,1.94,81000.0
Winifer_Fernández,1.69,62000.0
Wink_Davenport,2.01,99792.0
Wojciech_Ferens,1.94,95000.0
Wojciech_Grzyb,2.06,101000.0
Wojciech_Jurkiewicz,2.05,97000.0
Wojciech_Serafin,1.93,87000.0
Wojciech_Włodarczyk,2.0,87000.0
Wojciech_Żaliński,1.95,99000.0
Wouter_Verhelst,1.96,83000.0
Wu_Xiaojiang,1.97,86000.0
Wytze_Kooistra,2.09,102000.0
Hermans_Egleskalns,2.02,93000.0
Herve_Mazzon,1.92,82000.0
Hesam_Bakhsheshi,200.0,91000.0
Hicham_Guemmadi,1.94,82000.0
Hidde_Boswinkel,2.02,100000.0
Hideoki_Eto,1.98,92000.0
Hideomi_Fukatsu,1.77,70000.0
Hilariun_Monción,1.82,70000.0
Hiroaki_Asano,1.78,69000.0
Hiroaki_Kawaura,2.0,82000.0
Hiroko_Matsuura,1.8,72000.0
Hiromichi_Kageyama,2.0,84000.0
Hiroyoshi_Hanano,1.78,78000.0
Hiroyuki_Kai,1.93,83000.0
Hisashi_Aizawa,1.95,86000.0
Hisham_Amro,1.96,100000.0
Hollis_Charles,1.93,89000.0
Hong_Hae-cheon,1.84,80000.0
Horacio_d'Almeida,2.0,100000.0
Hossam_Abdalla,2.03,97000.0
Hossam_Shaarawy,199.0,92000.0
Hristina_Ruseva,1.9,77000.0
Hristo_Tsvetanov,1.98,85000.0
Hristo_Zlatanov,2.01,103000.0
Hu_Song,1.98,75000.0
Hugo_Gaspar,2.0,83000.0
Hugo_Ribeiro,1.8,80000.0
Humberto_Ceballos,1.97,87000.0
Héctor_Guzmán,1.95,85000.0
Héctor_Mata,1.79,77000.0
Héctor_Salerno,1.96,76000.0
Héctor_Soto,1.97,85000.0
Hélène_Rousseaux,1.87,70000.0
Hüseyin_Koç,1.97,91000.0
Harry_Rosario,182.0,83000.0
Haruka_Miyashita,1.77,58000.0
Haruka_Sunada,1.81,70000.0
Haruyo_Shimamura,1.82,79000.0
Hasan_Yeşilbudak,1.92,82000.0
Hatem_Obba,1.85,73000.0
Hatice_Gizem_Örge,1.7,59000.0
Haykel_Jerbi,199.0,81000.0
Heidy_Casanova,1.84,78000.0
Heike_Beier,1.84,73000.0
Helena_Havelková,1.88,64000.0
Heloiza_Pereira,1.87,77000.0
Henderson_Dottin_(volleyball),1.96,81000.0
Hendrik_Tuerlinckx,1.95,86000.0
Henri_Rajala,1.91,81000.0
Henri_Treial,2.02,96000.0
Henri_Tuomi,1.96,93000.0
Henriette_Koulla,1.69,60000.0
Henrique_Van_Randow,2.01,88000.0
Henry_Bell_Cisnero,188.0,84000.0
Henry_Gagnon,1.89,84000.0
Henry_Tapia,1.92,80000.0
Ha_Hyun-yong,1.98,88000.0
Ha_Kyoung-min,2.01,83000.0
Hachatur_Stepanyan,1.92,91000.0
Hakan_Björne,2.01,90000.0
Hakkı_Çapkınoğlu,2.0,75000.0
Halil_Ibrahim_Yücel,1.95,92000.0
Halil_Yücel,1.96,90000.0
Hamza_Nagga,1.96,85000.0
Hamzeh_Zarini,1.98,91000.0
Han_Jang-sok,1.9,84000.0
Han_Tianyi,1.97,90000.0
Kacper_Piechocki,1.84,70000.0
Kairat_Baibekov,1.75,71000.0
Kalle_Määttä,1.91,78000.0
Kamil_Baránek,1.98,93000.0
Kamil_Droszyński,1.9,86000.0
Kana_Kawakami,1.63,53000.0
Kana_Oyama,1.87,84000.0
Kanako_Hirai,1.82,68000.0
Kanako_Omura,1.84,68000.0
Kanat_Gabdulin,1.94,85000.0
Kang_Dong-jin_(volleyball),1.92,86000.0
Kang_Sung-hyung,1.89,80000.0
Kaomi_Solís,1.6,56000.0
Kaori_Inoue,1.82,59000.0
Kaouthar_Jemaii,1.83,85000.0
Karch_Kiraly,1.88,93000.0
Karel_Linz,2.0,92000.0
Karina_Krause,1.77,64000.0
Karine_Guerra,1.77,72000.0
Karine_Souza,1.76,72000.0
Karl_Külaots,1.97,84000.0
Karla_Klarić,1.88,86000.0
Karol_Kłos,2.01,83000.0
Katarzyna_Gajgał-Anioł,1.91,83000.0
Katarzyna_Skowrońska-Dolata,1.89,75000.0
Katerina_Zhidkova,1.87,68000.0
Kathleen_Weiß,1.71,66000.0
Katsuhiro_Shiratori,1.9,88000.0
Kawika_Shoji,1.98,88000.0
Kay_van_Dijk,2.15,104000.0
Kaylee_Manns,1.78,61000.0
Kazuhiko_Makinouchi,2.01,88000.0
Kazuki_Maeda,1.86,74000.0
Kazutomo_Yoneyama,1.8,70000.0
Kazuyoshi_Yokota_(volleyball),1.94,85000.0
Ke_Junhuang,1.83,72000.0
Keibel_Gutiérrez,1.78,80000.0
Keiki_Nishiyama,1.76,66000.0
Keisuke_Imai,1.97,87000.0
Keith_Barnett,1.9,91000.0
Keith_Pupart,1.95,93000.0
Keith_Sanheim,2.0,110000.0
Kelvin_Alleyne,1.85,75000.0
Kelvyn_Campechano,1.91,77000.0
Ken_Takahashi_(volleyball),1.8,73000.0
Kenji_Shirasawa,1.94,90000.0
Kentaro_Asahi,1.99,83000.0
Kentaro_Takahashi,2.0,93000.0
Kenya_Fujinaka,1.9,80000.0
Kerri_Walsh_Jennings,1.905,71000.0
Kert_Toobal,1.89,78000.0
Kervin_Piñerua,1.91,85000.0
Kevin_Amarali,1.91,66000.0
Kevin_Klinkenberg,1.98,78000.0
Kevin_Nimrod,1.96,82000.0
Khaled_Ben_Slimene,1.93,78000.0
Kieran_O'Malley,1.88,82000.0
Kim_Eun-seop,2.11,94000.0
Kim_Fajardo,1.7272,60000.0
Kim_Gwang-guk,1.88,77000.0
Kim_Hak-min,1.93,81000.0
Kim_Ho-chul,1.75,68000.0
Kim_Hyun-soo_(volleyball),1.96,81000.0
Kim_Jeong-hwan_(volleyball),1.96,94000.0
Kim_Kyu-min,1.99,95000.0
Kim_Sang-woo_(volleyball),1.94,88000.0
Kim_Se-jin_(volleyball),1.97,83000.0
Kim_Young-rae,1.93,80000.0
Kinga_Maculewicz-De_La_Fuente,1.86,70000.0
Kirill_Konovalov,2.02,95000.0
Kissada_Nilsawai,2.03,95000.0
Kitsada_Somkane,1.9,79000.0
Kittikun_Sriutthawong,1.94,78000.0
Klaudia_Kaczorowska,1.83,66000.0
Klemen_Čebulj,2.0,87000.0
Ko_Hee-jin,1.98,91000.0
Ko_Tanimura,1.94,81000.0
Koichiro_Koga,1.71,75000.0
Kong_Fanwei,1.76,80000.0
Kongoh_Oh,1.97,81000.0
Konstantin_Mitev,196.0,84000.0
Konstantin_Shumov,2.05,101000.0
Konstantin_Čupković,2.05,89000.0
Konstantinos_Stivachtis,1.86,80000.0
Konstantinos_Tambouratzis,1.93,93000.0
Korinna_Ishimtseva,1.87,69000.0
Kostadin_Gadzhanov,2.08,97000.0
Kota_Yamamura,2.05,90000.0
Kotoe_Inoue,1.61,55000.0
Kotoki_Zayasu,1.6,56000.0
Kotomi_Tosaki,1.85,84000.0
Kou_Zhichao,2.02,95000.0
Kozo_Takahashi,1.88,77000.0
Krasimir_Georgiev_(volleyball),2.03,83000.0
Krasimir_Stefanov,2.02,91000.0
Kremena_Kamenova,1.85,64000.0
Kristian_Knudsen,1.98,98000.0
Kristian_van_der_Wel,1.94,95000.0
Kristjan_Kais,1.88,85000.0
Kristof_Hoho,1.96,94000.0
Kristýna_Pastulová,1.97,80000.0
Krzysztof_Gierczyński,1.93,87000.0
Krzysztof_Ignaczak,1.88,86000.0
Krzysztof_Wierzbowski,1.97,85000.0
Krzysztof_Wójcik_(volleyball),1.81,80000.0
Kseniya_Kovalenko,1.9,78000.0
Ku_Min-jung,1.81,73000.0
Kumiko_Sakino,1.8,66000.0
Kunihiro_Shimizu,1.93,94000.0
Kwak_Seung-suk,1.9,81000.0
Kwon_Young-min,1.9,82000.0
Kyla_Richey,1.88,83000.0
Kyle_Caldwell,2.05,105000.0
Kyle_Robinson,1.96,90000.0
Kyohei_Shibata,1.9,84000.0
Kyoko_Katashita,1.57,54000.0
Kévin_Le_Roux,2.09,95000.0
Kévin_Tillie,2.0,85000.0
Theo_Brunner,2.0066,91000.0
Theodoros_Baev,2.0,95000.0
Theodoros_Bozidis,1.95,93000.0
Thibault_Rossard,1.92,85000.0
Thijs_ter_Horst,2.04,94000.0
Thomas_Beretta,2.05,105000.0
Thomas_Douglas-Powell,1.94,82000.0
Thomas_Edgar_(volleyball),2.12,106000.0
Thomas_Ereu,1.93,86000.0
Thomas_Hodges_(volleyball),1.97,95000.0
Thomas_Jaeschke,2.0,92000.0
Thomas_Jarmoc,1.98,89000.0
Thomas_Koelewijn,2.06,100000.0
Thomas_Konings,2.02,94000.0
Thomas_Pedersen_(volleyball),2.02,85000.0
Thomas_Zass,1.93,90000.0
Théo_Lopes,199.0,80000.0
Tiago_Barth,2.09,87000.0
Tiago_Brendle,1.88,83000.0
Tiago_da_Silva_(volleyball),1.93,82000.0
Tije_Vlam,2.07,102000.0
Tim_Broshog,2.05,112000.0
Tim_Verschueren,1.85,89000.0
Timo_Tammemaa,2.02,93000.0
Timo_Tolvanen,1.83,70000.0
Tiziano_Mazzone,1.98,95000.0
Toafa_Takaniko,1.94,92000.0
Todd_Rogers,1.8796,90000.0
Todor_Aleksiev,2.0,96000.0
Todor_Valchev,1.95,89000.0
Tolinson_Aquino,1.88,87000.0
Tom_Strohbach,1.96,83000.0
Tomas_Rousseaux,1.99,88000.0
Tomas_Ruiz,1.75,65000.0
Tomasz_Fornal,1.98,96000.0
Tomasz_Polczyk,1.93,83000.0
Tomasz_Wójtowicz,1.97,97000.0
Tomi_Rumpunen,1.94,85000.0
Tomi_Čošković,2.0,92000.0
Tomislav_Dokić,2.04,97000.0
Tomislav_Čošković,1.99,93000.0
Tommi_Roininen,1.86,87000.0
Tommi_Siirilä,2.03,98000.0
Tomoko_Okano,1.77,64000.0
Tomomi_Nakao,1.74,61000.0
Tomás_Aguilera,2.02,95000.0
Tomás_Layus,2.07,89000.0
Tomáš_Fila,1.98,95000.0
Tomáš_Halanda,1.95,85000.0
Tomáš_Hýský,2.03,93000.0
Tomáš_Kmeť,2.02,96000.0
Tomáš_Kriško,2.02,91000.0
Tomáš_Široký,1.96,100000.0
Tong_Jiahua,1.8,76000.0
Toni_Kankaanpää,1.94,89000.0
Tony_Krolis,1.94,93000.0
Toontje_van_Lankvelt,1.97,91000.0
Torey_Defalco,1.96,86000.0
Tornakeibel_Gutiérrez,1.78,80000.0
Trent_O'Dea,2.01,98000.0
Trevor_Schirman,1.97,98000.0
Tricia_Santos_(volleyball),1.74,62000.0
Trần_Thị_Thảo,1.73,55000.0
Tsanko_Tsankov,2.16,110000.0
Tsvetan_Hristov,2.01,95000.0
Tsvetan_Sokolov,2.07,108000.0
Tsvetelina_Zarkova,1.87,69000.0
Tuomas_Koppanen,1.97,94000.0
Tuomas_Tihinen,1.96,93000.0
Tuukka_Anttila,2.04,95000.0
Twan_Wiltenburg,2.04,86000.0
Tyler_Hildebrand,1.94,88000.0
Tyler_Sanders,1.91,81000.0
Tzvetelina_Yanchulova,1.8,65000.0
Túlio_Nogueira,1.98,89000.0
Đỗ_Thị_Minh,1.73,67000.0
Štefan_Chrtianský_(born_1962),2.0,93000.0
Štefan_Chrtianský_(born_1989),2.07,95000.0
Tabitha_Love,1.96,85000.0
Taiji_Yamamoto,1.85,83000.0
Takaaki_Tomimatsu,1.92,85000.0
Takahisa_Otake,1.85,70000.0
Takashi_Dekita,1.99,90000.0
Takashi_Narita,1.85,70000.0
Takehiro_Kihara,1.93,82000.0
Takeshi_Kitajima,1.85,82000.0
Takeshi_Nagano,1.76,65000.0
Talita_Antunes,1.8034,64000.0
Talita_Ferreira,1.85,81000.0
Tamer_Yasin,1.91,90000.0
Tang_Miao_(volleyball),204.0,85000.0
Tanya_Acosta,1.82,70000.0
Taras_Khtey,1.97,0.0
Tarek_Sammari,1.92,82000.0
Tatiana_Jusino,1.7,59000.0
Tatiana_Kosheleva,1.91,67000.0
Tatiana_Rizzo,1.78,64000.0
Tatsuya_Fukuzawa,1.89,86000.0
Tatsuya_Yoneyama,1.83,84000.0
Tatyana_Fendrikova,1.69,55000.0
Tatyana_Mudritskaya,1.95,77000.0
Tayeb_Korbosli,1.88,75000.0
Tayler_Sanders,1.91,81000.0
Taylor_Pischke,1.83,69000.0
Taylor_Sander,1.93,80000.0
Teerasak_Nakprasong,1.88,75000.0
Teodor_Bogdanov,2.07,90000.0
Teodor_Salparov,1.87,77000.0
Teppo_Heikkilä,1.87,77000.0
Terence_Martin,2.0,101000.0
Tesca_Andrew-Wasylik,1.73,59000.0
Balša_Radunović_(volleyball),2.04,93000.0
Baptiste_Geiler,1.98,93000.0
Barbara_Jelić-Ružić,1.93,75000.0
Bart-Jan_van_der_Mark,2.07,99000.0
Bartosz_Bednorz,2.01,84000.0
Bartosz_Gawryszewski,2.02,90000.0
Bartosz_Janeczek,1.97,83000.0
Bartosz_Krzysiek,2.06,91000.0
Bartosz_Kurek,2.07,104000.0
Bartosz_Kwolek,1.92,92000.0
Bartłomiej_Bołądź,2.03,97000.0
Bartłomiej_Grzechnik,2.0,92000.0
Barış_Özdemir,1.97,80000.0
Bas_van_Bemmelen,2.07,92000.0
Baturalp_Burak_Güngör,1.89,70000.0
Beau_Graham,2.02,86000.0
Behzad_Heidarishahi,1.85,80000.0
Ben_Ball,1.95,77000.0
Bengt_Gustafsson_(volleyball),1.95,94000.0
Benjamin_Bell_(volleyball),2.0,92000.0
Benjamin_Hardy,1.98,94000.0
Benjamin_Toniutti,1.83,74000.0
Berenika_Tomsia,1.89,67000.0
Berit_Kauffeldt,1.9,75000.0
Bernarda_Brčić,1.92,81000.0
Bernarda_Ćutuk,1.86,76000.0
Bernardo_Martins,1.85,76000.0
Bernier_Christian,1.92,91000.0
Bert_Derkoningen,1.89,78000.0
Berthrade_Bikatal,1.71,66000.0
Bertrand_Carletti,2.05,97000.0
Bethania_Almánzar,1.8,62000.0
Bibiana_Candelas,1.96,78000.0
Bigali_Zhumagaziyev,2.0,87000.0
Björn_Höhne,1.93,94000.0
Blair_Cameron_Bann,1.84,84000.0
Blazo_Milic,2.1,88000.0
Bogdan_Alexandru_Olteanu,1.99,96000.0
Bogdan_Jalowietzki,0.91,202000.0
Bojan_Janić,1.98,87000.0
Bojan_Radovic,2.03,100000.0
Bojan_Rajković,1.9,71000.0
Bojan_Strugar,2.02,93000.0
Bojidar_Slavev,2.03,95000.0
Borislav_Apostolov,2.08,97000.0
Borislav_Georgiev_(volleyball),1.89,80000.0
Borislav_Kiossev,2.0,98000.0
Borislav_Petrović,201.0,96000.0
Boyan_Yordanov,1.97,86000.0
Božidar_Ćuk,2.01,97000.0
Brad_Kufske,1.95,95000.0
Brad_Willock,1.99,92000.0
Braden_Mclean,2.08,110000.0
Bradley_Lawson,2.01,89000.0
Bram_Van_Den_Dries,2.06,101000.0
Branden_Schmidt,1.98,86000.0
Brandon_Taliaferro,1.96,100000.0
Branimir_Grozdanov,1.98,88000.0
Branimir_Peric,1.98,90000.0
Branislav_Skladaný,1.83,83000.0
Branko_Roljic,1.99,95000.0
Brian_Negron,1.99,88000.0
Brian_Thornton,1.9,88000.0
Brian_Thorton,1.9,88000.0
Britt_Ruysschaert,1.77,62000.0
Brittney_Brimmage,1.91,81000.0
Brittney_Page,1.84,77000.0
Brock_Davidiuk,1.94,88000.0
Bronislav_Mikyska,2.05,101000.0
Bruna_Silva,1.81,80000.0
Bruna_da_Silva,1.81,80000.0
Bruno_Cunha,1.99,90000.0
Bruno_Rezende,1.9,76000.0
Bruno_Romanutti,1.94,94000.0
Bryan_Ivie,2.01,98000.0
Bu_Yong-chan,1.75,65000.0
Burak_Hazirol,1.75,73000.0
Burak_Mert,1.85,81000.0
Burutay_Subaşı,1.95,97000.0
Bùi_Thị_Ngà,1.87,74000.0
Bahri_Messaoud,1.85,80000.0
Bakhytzhan_Baitureyev,2.02,93000.0
Gary_Gendrey,1.98,85000.0
Gavin_Schmitt,2.08,102000.0
Gema_León,1.81,61000.0
Geng_Xin,2.08,80000.0
Geoffroy_Frédéric_Bassige_Ba_Bindop,1.83,81000.0
Georg_Klein_(volleyball),2.01,94000.0
Georges_Kari,1.91,88000.0
Georgi_Bratoev,2.02,88000.0
Georgi_Seganov,1.98,83000.0
Georgi_Valov,1.99,92000.0
Georgios_Lykoudis,1.91,100000.0
Georgios_Ntrakovits,2.0,103000.0
Georgios_Papazoglou,1.99,96000.0
Georgios_Petreas,2.01,92000.0
Georgios_Tzioumakas,2.02,85000.0
Georgui_Tuntchev,1.95,89000.0
Gerald_Reiser,2.0,92000.0
Gerard_Osorio,2.0,89000.0
Gerard_Sadey,1.9,81000.0
Gerasimos_Kanellos,1.98,88000.0
Germán_García,1.87,79000.0
Germán_Recio,1.93,80000.0
Gershon_Rorich,1.95,103000.0
Gert_Van_Walle,1.97,87000.0
Gertjan_Claes,1.9,88000.0
Giacomo_Raffaelli_(volleyball),1.98,95000.0
Giacomo_Sintini,1.96,85000.0
Giannis_Laios,1.89,90000.0
Giba,1.92,85000.0
Gijs_Jorna,1.96,85000.0
Gil_Pereira,1.75,70000.0
Gilberto_Ruiz,1.93,83000.0
Gino_Brousseau,1.89,85000.0
Giordano_Mattera,1.98,89000.0
Giorgio_De_Togni,2.02,90000.0
Giovana_Gasparini,1.72,74000.0
Gabriel_Kunda,1.95,95000.0
Gabriel_Zobo-Lebay,1.93,100000.0
Gabriele_Maruotti,1.95,92000.0
Gabriele_Nelli,2.1,100000.0
Gabriella_Souza,1.75,69000.0
Gabrijel_Radić,2.02,96000.0
Gaila_González,1.88,73000.0
Garrett_Muagututia,2.05,92000.0
Giovanni_Lanfranco_(volleyball),1.88,80000.0
Giulia_Rondon,1.9,75000.0
Giulio_Sabbi,2.01,92000.0
Gojko_Cuk,2.09,101000.0
Gonzalez_Raidel,1.95,81000.0
Gonzalo_Quiroga,1.93,85000.0
Gonzalo_Ruiz_de_la_Cruz,1.86,87000.0
Goran_Škundrić,1.99,90000.0
Graham_McIlvaine,1.98,99000.0
Graham_Vigrass,2.05,97000.0
Grant_Goldschmidt,1.94,92000.0
Grant_Sorensen,1.97,93000.0
Gregor_Ropret,1.92,88000.0
Gregory_Berríos,1.82,83000.0
Gregory_Burke_(volleyball),1.95,87000.0
Greta_Cicolari,1.8,65000.0
Gretell_Moreno,1.83,68000.0
Grzegorz_Bociek,2.07,106000.0
Grzegorz_Kosok,2.06,92000.0
Grzegorz_Pająk,1.96,89000.0
Grzegorz_Pilarz,1.88,83000.0
Grzegorz_Szymański,2.02,94000.0
Grzegorz_Wagner,1.82,84000.0
Grzegorz_Łomacz,1.87,81000.0
Guerson_Acosta,1.94,83000.0
Guido_Romanutti,1.96,80000.0
Guillaume_Quesque,2.03,92000.0
Guillaume_Samica,1.98,84000.0
Guillermo_García_(volleyball),1.93,92000.0
Guillermo_Hernán,1.81,68000.0
Guillermo_Romero,1.83,73000.0
Gurinder_Singh_(volleyball),0.0,92000.0
Gustavo_Bonatto,2.14,109000.0
Gustavo_Delgado_Escribano,1.92,89000.0
Gustavo_Endres,2.03,98000.0
Gustavo_Leyva,1.8,75000.0
Gustavo_Meyer,1.93,84000.0
Gustavo_Molina_(volleyball),2.0,95000.0
Gustavo_Saucedo,198.0,90000.0
Gustavo_Scholtis,206.0,87000.0
György_Grozer,2.0,99000.0
Gábor_Bodó,1.82,73000.0
Gérald_Hardy-Dessources,197.0,93000.0
Gökhan_Gökgöz,2.0,94000.0
Xavier_Kapfer,191.0,96000.0
Xie_Wenhao,2.02,80000.0
Xu_Jingtao,2.02,76000.0
Xue_Ming,1.92,68000.0
Ángel_Trinidad,1.93,78000.0
Nadine_Nyadjo,1.74,78000.0
Nana_Iwasaka,1.87,76000.0
Nanae_Takizawa,1.66,52000.0
Nanami_Inoue,1.78,64000.0
Naoki_Morokuma,1.9,83000.0
Naoko_Hashimoto,1.72,63000.0
Naoya_Shiraiwa,1.9,84000.0
Naoya_Suga,1.78,85000.0
Nariman_Suleimenov,1.95,92000.0
Nasser_Rahimi,1.91,73000.0
Nasya_Dimitrova,1.9,70000.0
Natacha_Rigobert,1.8,75000.0
Natalia_Bamber-Laskowska,1.86,69000.0
Natalia_Dianskaya,1.86,64000.0
Natalia_Khodunova,1.85,65000.0
Natalia_Martínez,1.86,71000.0
Natalia_Valentín,1.7,61000.0
Natalie_Hagglund,1.78,68000.0
Natalie_Smith_(volleyball),1.85,70000.0
Nataliya_Obmochaeva,1.94,74000.0
Nathalia_Alfaro,1.65,59000.0
Nathan_French,1.91,86000.0
Nathan_Roberts_(volleyball),1.97,94000.0
Nathan_Toews,2.04,95000.0
Nathan_Wounembaina,1.98,83000.0
Natsumi_Fujita,1.66,50000.0
Nattapong_Kesapan,1.83,75000.0
Naveen_Raja_Jacob,0.0,87000.0
Navjit_Singh,0.0,82000.0
Nayden_Naydenov,1.97,89000.0
Ndoumbe_Onana,1.84,85000.0
Nellie_Spicer,1.75,65000.0
Nelson_Jeferson,1.96,100000.0
Nelson_Loyola_(volleyball),1.9,80000.0
Nemanja_Dukic,1.94,87000.0
Nemanja_Petrić,2.04,86000.0
Nemanja_Čubrilo,2.06,82000.0
Nene_Tomita,1.83,75000.0
Neven_Majstorović,1.92,83000.0
Niaz_Sallem,181.0,78000.0
Nicholas_Cundy_(volleyball),1.91,88000.0
Nicholas_Hoag,2.0,91000.0
Nicholas_Matthais,1.97,86000.0
Nick_Del_Bianco,1.95,88000.0
Nick_Vogel,2.0574,90720.0
Nicolas_Le_Goff,2.06,113000.0
Nicolas_Maréchal,1.98,83000.0
Nicolas_Rossard,1.83,65000.0
Nicole_Koolhaas,1.98,77000.0
Nicole_Oude_Luttikhuis,1.91,74000.0
Nicole_Sanderson,1.82,65000.0
Nicolás_Efrón,198.0,92000.0
Nicolás_Lazo,1.92,90000.0
Nicolás_Uriarte,1.92,82000.0
Niels_Klapwijk,2.0,89000.0
Nigel_Panagopka,206.0,103000.0
Nihel_Ghoul,1.79,69000.0
Niklas_Seppänen,1.92,82000.0
Niklas_Tornberg,1.9,80000.0
Nikola_Grbić,1.94,91000.0
Nikola_Jovović,1.96,75000.0
Nikola_Kovačević,1.93,78000.0
Nikola_Lakcevic,1.9,89000.0
Nikola_Mijailović_(volleyball),1.91,85000.0
Nikola_Rosić,1.92,85000.0
Nikolaos_Karagiannis,1.85,82000.0
Nikolaos_Palentzas,1.98,88000.0
Nikolaos_Smaragdis,2.02,89000.0
Nikolas_Berger,1.99,92000.0
Nikolay_Ivanov_(volleyball),1.92,93000.0
Nikolay_Jeliazkov,1.98,89000.0
Nikolay_Leonenko,2.0,98000.0
Nikolay_Naydenov,2.0,90000.0
Nikolay_Nikolov_(volleyball),2.06,97000.0
Nikolay_Pavlov_(volleyball),1.96,93000.0
Nikolay_Penchev,1.96,85000.0
Nikolay_Uchikov,2.07,110000.0
Nikolina_Jelić,1.88,69000.0
Nimir_Abdel-Aziz,2.01,83000.0
Nina_Coolman,1.8,70000.0
Nina_Muradyan,1.7018,66225.6
Nobuhiro_Ito,2.0,85000.0
Nobuyoshi_Hosokawa,1.91,82000.0
Nodirkhan_Kadirkhanov,2.03,85000.0
Noemi_Signorile,1.82,74000.0
Noh_Jin-soo,1.88,80000.0
Nolan_Tash,1.93,92000.0
Novica_Bjelica,2.02,86000.0
Nuno_Pereira_(volleyball),2.03,95000.0
Nuno_Pinheiro,1.93,89000.0
Nuno_Silva_(volleyball),2.03,99000.0
Nuno_Soares,1.95,85000.0
Nuri_Şahin_(volleyball),1.97,91000.0
Nursultan_Bimurza,1.95,75000.0
Nyabéyé,1.9,80000.0
Néstor_Orellana,1.9,84000.0
Nabil_Miladi,1.96,73000.0
Quentin_Jouffroy,2.02,100000.0
Quinta_Steenbergen,1.89,74000.0
Quirine_Oosterveld,1.81,71000.0
